,지번주소,도로명주소,사업장명,위도,경도
0,서울특별시 강남구 신사동 525-13 지상1층101102호 ,서울특별시 강남구 압구정로4길 13-13 (신사동지상1층101102호),르포트 13,37.52234623586576,127.01825888610826
1,서울특별시 강남구 삼성동 150-21번지 지상1층 ,서울특별시 강남구 삼성로104길 7 (삼성동지상1층),한탕,37.51090873419257,127.05232227015765
2,서울특별시 강남구 논현동 242-21 삼아프라자 ,서울특별시 강남구 선릉로129길 3-6 삼아프라자 1층 101호 (논현동),묵호일식,37.51594684944292,127.03808186190915
3,서울특별시 강남구 청담동 95-15번지 지상2층 ,서울특별시 강남구 압구정로72길 22 지상2층 (청담동),볼트스테이크하우스(Vault steak house),37.525020451884515,127.04208265964107
4,서울특별시 강남구 역삼동 817-21 지상1층 ,서울특별시 강남구 강남대로96길 17 (역삼동지상1층),용용선생 강남역점,37.50013924940319,127.02550938810629
5,서울특별시 강남구 신사동 657-24번지 지상12층 ,서울특별시 강남구 선릉로157길 23-5 (신사동지상12층),마크레인커피,37.525856103827245,127.0349633780692
6,서울특별시 강남구 신사동 647-23 ,서울특별시 강남구 선릉로153길 34 지하1층 (신사동),부쉬윅,37.52480815740808,127.03374589395062
7,서울특별시 강남구 역삼동 808-5번지 ,서울특별시 강남구 강남대로 468 지하2층 (역삼동 외4필지),코다차야 강남점,37.50420284867576,127.02222408033303
8,서울특별시 강남구 역삼동 722 경남아파트 ,서울특별시 강남구 언주로85길 13 상가동 지상1층 113호 (역삼동 경남아파트),부엉이제면소,37.50057155707549,127.03942099541638
9,서울특별시 강남구 신사동 652-5,서울특별시 강남구 도산대로49길 6-5 지상1층 (신사동),다이브에스프레소클럽,37.52344785901828,127.03477767648553
10,서울특별시 강남구 역삼동 747-10번지 ,서울특별시 강남구 논현로75길 13 (역삼동),닭갈비두목,37.49624030986904,127.03484064374011
11,서울특별시 강남구 신사동 514-9 ,서울특별시 강남구 도산대로11길 5 지상2층 202호 (신사동),일곱잔,37.517814033699,127.0194085683456
12,서울특별시 강남구 신사동 636-14,서울특별시 강남구 언주로172길 12 지상1층 (신사동),코드로 파라다이스 압구정로데오 본점,37.527635354213544,127.03177948556866
13,서울특별시 강남구 논현동 242-14 GOOD ,서울특별시 강남구 선릉로127길 10 GOOD 지하1층 (논현동),지안정,37.51560519268086,127.03796260426948
14,서울특별시 강남구 역삼동 818-1 ,서울특별시 강남구 강남대로96길 12 B동 1층 (역삼동),크래프트한스강남,37.499718081316495,127.02510165114262
15,서울특별시 강남구 삼성동 49-11 세창빌딩 ,서울특별시 강남구 봉은사로 467 세창빌딩 지상1층 (삼성동),앙마꼬치,37.512551891894326,127.04773428957365
16,서울특별시 강남구 역삼동 825-24 ,서울특별시 강남구 강남대로84길 15 지하1층 B126호 (역삼동),박과장 떡볶이,37.49702708753827,127.02687900251077
17,서울특별시 강남구 신사동 663-2 ,서울특별시 강남구 압구정로50길 25 지상1층 (신사동),동굴,37.52660575207443,127.0350659252865
18,서울특별시 강남구 신사동 525-19 지상1층 ,서울특별시 강남구 논현로175길 101 (신사동지상1층),야키토리 요이사,37.52268550717623,127.01828216859475
19,서울특별시 강남구 신사동 654-14번지 지상1층 ,서울특별시 강남구 도산대로51길 18 (신사동지상1층),이자카야 인 뉴욕,37.524310185700955,127.03511873909254
20,서울특별시 강남구 논현동 63-6 ,서울특별시 강남구 언주로149길 5 지상2층 (논현동),켈리 더 쿡(Kelly the cook),37.52049001955665,127.03081811610855
21,서울특별시 강남구 역삼동 677-11번지 트리아관광호텔 ,서울특별시 강남구 테헤란로33길 16 트리아관광호텔 지상1층 (역삼동),트리아관광호텔,37.50284750070744,127.03651826115907
22,서울특별시 강남구 역삼동 817-34번지 지상3층 ,서울특별시 강남구 강남대로98길 14 (역삼동지상3층),가가린 철우 사주카페,37.5006978477683,127.02494963462205
23,서울특별시 강남구 신사동 653-10 주현빌딩 ,서울특별시 강남구 도산대로51길 13 주현빌딩 지하1층 (신사동),코르트 스튜디오(COURTE STUDIOS),37.52389552857297,127.03493259397648
24,서울특별시 강남구 삼성동 110-3번지 지상1층지하1층 ,서울특별시 강남구 봉은사로 641 (삼성동지상1층지하1층),백세주마을 삼성점,37.51542010644266,127.06255735371913
25,서울특별시 강남구 신사동 561-19 ,서울특별시 강남구 도산대로 153 지상19층 (신사동),텔러스 9.5,37.518850267047604,127.02232880619405
26,서울특별시 강남구 신사동 657-17 ,서울특별시 강남구 선릉로155길 26 지하1층 (신사동),거북썬블랙,37.52577654509693,127.03469290570291
27,서울특별시 강남구 대치동 901-25 유성빌딩 ,서울특별시 강남구 삼성로81길 39 유성빌딩 지하1층 102호 (대치동),와인투고(wine to go),37.5036389133238,127.05158883773551
28,서울특별시 강남구 신사동 658-1번지 ,서울특별시 강남구 압구정로50길 22 지상2층 (신사동),와인주막차차 압구정점,37.52687711094646,127.034787359951
29,서울특별시 강남구 논현동 202-9 ,서울특별시 강남구 봉은사로 123 1층 101호 (논현동),비크 이뮈르달,37.505656850690045,127.02430495705326
30,서울특별시 강남구 역삼동 810-2번지 지상1층 ,서울특별시 강남구 봉은사로2길 15 (역삼동지상1층),까사생갈비,37.50362901290114,127.0230528506353
31,서울특별시 강남구 일원동 663-4번지 지상1층 ,서울특별시 강남구 일원로3길 48 지상1층 (일원동),김준석꼬치,37.49227462114241,127.08096545499995
32,서울특별시 강남구 삼성동 123-3,서울특별시 강남구 삼성로107길 33 지상1층 (삼성동),지칸,37.5107162219857,127.04855855566142
33,서울특별시 강남구 신사동 589-18번지 C&J빌딩 ,서울특별시 강남구 논현로152길 37 C&J빌딩 지상3층 (신사동),페어링지(pairinG),37.52177450095011,127.02823617748605
34,서울특별시 강남구 역삼동 719-24 역삼역센트럴푸르지오 ,서울특별시 강남구 언주로85길 32 역삼역센트럴푸르지오 지상1층 106호지하1층B126호 (역삼동),호샤퀴테리에,37.50085836242551,127.03769794494339
35,서울특별시 강남구 신사동 552-3번지 ,서울특별시 강남구 논현로161길 39 지하1층 101호 (신사동),하이볼가든(Highball Garden),37.52288370911231,127.0220922155466
36,서울특별시 강남구 개포동 167-1번지 ,서울특별시 강남구 선릉로10길 4-4 층 지상102호 (개포동),영심이포차,37.48300002490786,127.05790045180889
37,서울특별시 강남구 신사동 657-23 지상2층,서울특별시 강남구 도산대로51길 39 (신사동지상2층),아이언펍(IRON PUB),37.52583783215302,127.03516911114038
38,서울특별시 강남구 신사동 518-14 ,서울특별시 강남구 도산대로11길 31-8 지하1층 (신사동),유희,37.51937331340257,127.01887425609466
39,서울특별시 강남구 신사동 623-2 지하1층 ,서울특별시 강남구 언주로 841 (신사동지하1층),라움(Raum),37.5255595816118,127.03000457645547
40,서울특별시 강남구 역삼동 818-5 혜진빌딩,서울특별시 강남구 강남대로96길 20 혜진빌딩 지상2층 (역삼동),강남비치 강남본점,37.49991392667981,127.02575009664861
41,서울특별시 강남구 청담동 123-37 ,서울특별시 강남구 도산대로89길 17 지상1층 (청담동),잔비워,37.525694725197276,127.04796937272148
42,서울특별시 강남구 신사동 657-40 ,서울특별시 강남구 선릉로157길 13-5 101호 (신사동),야키토리(Yakitori)파노,37.52565916562476,127.03575612022917
43,서울특별시 강남구 신사동 626-76번지 지상1층 ,서울특별시 강남구 언주로153길 16 (신사동지상1층),양철집,37.52271333016592,127.02899129929102
44,서울특별시 강남구 삼성동 112-1번지 ,서울특별시 강남구 봉은사로 404 1층 101호 (삼성동 씨티라이프61),난 플라워카페,37.510142158306415,127.04145782687004
45,서울특별시 강남구 역삼동 736-38,서울특별시 강남구 논현로87길 19 지하1층 (역삼동),인파밀리아 역삼점,37.49943858015375,127.03220749789905
46,서울특별시 강남구 신사동 516-16,서울특별시 강남구 강남대로154길 33 1층 (신사동),식물학,37.51837491780401,127.01877587368173
47,서울특별시 강남구 신사동 642-9번지 ,서울특별시 강남구 언주로170길 35 지상2층 201호 (신사동),예술가,37.52664570744339,127.0336456418197
48,서울특별시 강남구 논현동 202-20 ,서울특별시 강남구 봉은사로 117 1층 (논현동),노포식당 논현본점,37.505322390554696,127.02349972611418
49,서울특별시 강남구 삼성동 49-11 세창빌딩 ,서울특별시 강남구 봉은사로 467 세창빌딩 지상1층 (삼성동),앙마꼬치,37.512551891894326,127.04773428957365
50,서울특별시 강남구 논현동 160-11 ,서울특별시 강남구 강남대로122길 31 지상2층 (논현동),헤비스모커,37.50860354807423,127.02259020709533
51,서울특별시 강남구 논현동 97-8 ,서울특별시 강남구 언주로150길 24 1층 (논현동),모토이시 도산공원점,37.52130827807922,127.0333421870175
52,서울특별시 강남구 삼성동 170-7,서울특별시 강남구 테헤란로107길 6 1층 (삼성동 두양빌딩),봉구비어 삼성동점,37.51027048023168,127.06273791417279
53,서울특별시 강남구 논현동 182-28번지 지상1층 ,서울특별시 강남구 봉은사로1길 32 지상1층 (논현동),김봉남포차 영동시장점,37.506827072851536,127.02159205971178
54,서울특별시 강남구 대치동 922-14번지 지상1층 ,서울특별시 강남구 선릉로66길 8 (대치동지상1층),철수네포장마차,37.49845026199209,127.04968762146794
55,서울특별시 강남구 역삼동 817-34번지 지상3층 ,서울특별시 강남구 강남대로98길 14 (역삼동지상3층),가가린 철우 사주카페,37.5006978477683,127.02494963462205
56,서울특별시 강남구 신사동 642-15번지 삼주빌딩1층 ,서울특별시 강남구 압구정로48길 34 (신사동삼주빌딩1층),슈바빙(SCHWABING),37.5263457297374,127.03389276420687
57,서울특별시 강남구 신사동 664-15,서울특별시 강남구 선릉로157길 8 지하1층 (신사동),레이아웃(Lay-out),37.526070474469705,127.03638912046087
58,서울특별시 강남구 논현동 163-17 상당빌딩 ,서울특별시 강남구 강남대로122길 15 상당빌딩 지상2층 (논현동),이자카야 소영,37.508151383781495,127.02127296073003
59,서울특별시 강남구 삼성동 91-23 ,서울특별시 강남구 영동대로114길 9 지상2층 (삼성동),재희키친,37.51540641449423,127.05768444045941
60,서울특별시 강남구 도곡동 414-6번지 ,서울특별시 강남구 논현로34길 20 1층 102호 (도곡동),수닭도리,37.484549504139814,127.04073985145035
61,서울특별시 강남구 신사동 657-24번지 지상12층 ,서울특별시 강남구 선릉로157길 23-5 (신사동지상12층),마크레인커피,37.525856103827245,127.0349633780692
62,서울특별시 강남구 도곡동 414-6번지 ,서울특별시 강남구 논현로34길 20 1층 102호 (도곡동),수닭도리,37.484549504139814,127.04073985145035
63,서울특별시 강남구 논현동 63-6 ,서울특별시 강남구 언주로149길 5 지상2층 (논현동),켈리 더 쿡(Kelly the cook),37.52049001955665,127.03081811610855
64,서울특별시 강남구 신사동 525-19 지상1층 ,서울특별시 강남구 논현로175길 101 (신사동지상1층),야키토리 요이사,37.52268550717623,127.01828216859475
65,서울특별시 강남구 삼성동 123-3,서울특별시 강남구 삼성로107길 33 지상1층 (삼성동),지칸,37.5107162219857,127.04855855566142
66,서울특별시 강남구 논현동 37-1번지 지상1층 ,서울특별시 강남구 학동로25길 14 (논현동지상1층),토가라시,37.51461279732516,127.02611300225601
67,서울특별시 강남구 도곡동 414-6번지 ,서울특별시 강남구 논현로34길 20 1층 102호 (도곡동),수닭도리,37.484549504139814,127.04073985145035
68,서울특별시 강남구 역삼동 817-34번지 지상3층 ,서울특별시 강남구 강남대로98길 14 (역삼동지상3층),가가린 철우 사주카페,37.5006978477683,127.02494963462205
69,서울특별시 강남구 역삼동 642-1번지 역삼현대벤쳐텔 ,서울특별시 강남구 테헤란로25길 20 역삼현대벤쳐텔 지하1층 B102호 (역삼동),갓포돈,37.501637085755824,127.03274372258359
70,서울특별시 강남구 역삼동 808-5번지 ,서울특별시 강남구 강남대로 468 지하2층 (역삼동 외4필지),코다차야 강남점,37.50420284867576,127.02222408033303
71,서울특별시 강남구 역삼동 831-3 지하1층 ,서울특별시 강남구 강남대로78길 8 지하1층 (역삼동 한국빌딩),이자카야나무(강남역2호점),37.494787906406366,127.02717668905973
72,서울특별시 강남구 청담동 13-20 ,서울특별시 강남구 도산대로78길 32 1층 102호 (청담동),진돈카츠,37.52226476997242,127.04320982393722
73,서울특별시 강남구 신사동 519-1번지 ,서울특별시 강남구 압구정로2길 35 1층 (신사동),사이,37.519554373271504,127.01773138694465
74,서울특별시 강남구 신사동 654-14번지 지상1층 ,서울특별시 강남구 도산대로51길 18 (신사동지상1층),이자카야 인 뉴욕,37.524310185700955,127.03511873909254
75,서울특별시 강남구 삼성동 152-54번지 지하1층 ,서울특별시 강남구 삼성로104길 16 (삼성동지하1층),쿠시일오이,37.51096423268306,127.053219131471
76,서울특별시 강남구 도곡동 414-6번지 ,서울특별시 강남구 논현로34길 20 1층 102호 (도곡동),수닭도리,37.484549504139814,127.04073985145035
77,서울특별시 강남구 역삼동 738-18 ,서울특별시 강남구 논현로85길 5-15 지상1층 (역삼동),센도수산,37.498363840675545,127.03387786459858
78,서울특별시 강남구 대치동 894-5 한정빌딩지상1층104호 ,서울특별시 강남구 삼성로81길 22 (대치동한정빌딩지상1층104호),고운님 한우곱창,37.50434073291396,127.05297991069024
79,서울특별시 강남구 역삼동 831-3 지하1층 ,서울특별시 강남구 강남대로78길 8 지하1층 (역삼동 한국빌딩),이자카야나무(강남역2호점),37.494787906406366,127.02717668905973
80,서울특별시 강남구 도곡동 957-1번지 지상1층 ,서울특별시 강남구 강남대로42길 16 (도곡동지상1층),타이쇼 난지당,37.48525824022358,127.03232067612112
81,서울특별시 강남구 신사동 512-9 MG타워,서울특별시 강남구 압구정로2길 60 MG타워 지상2층 201호 (신사동),신사연어(신사살몬),37.517953883383015,127.01840214694448
82,서울특별시 강남구 신사동 584-1 유림아트홀 ,서울특별시 강남구 압구정로28길 49 유림아트홀 지상1층 109호110호 (신사동),로바타 탄요,37.523292649926695,127.02480285889436
83,서울특별시 강남구 신사동 539번지 ,서울특별시 강남구 도산대로15길 6 지상1층 (신사동),와라야키 쿠이신보,37.51860297131909,127.02124114644214
84,서울특별시 강남구 도곡동 538-1번지 ,서울특별시 강남구 선릉로 227 지하2호 (도곡동 진달래상가),츄잇,37.495832492220636,127.0498389392454
85,서울특별시 강남구 신사동 657-40 ,서울특별시 강남구 선릉로157길 13-5 101호 (신사동),야키토리(Yakitori)파노,37.52565916562476,127.03575612022917
86,서울특별시 강남구 논현동 4-7번지 지상1층 ,서울특별시 강남구 도산대로8길 7 (논현동지상1층),신사뻘낙지,37.51652187797557,127.01934336651655
87,서울특별시 강남구 신사동 508-6 홍인빌딩 지상1층 101호,서울특별시 강남구 강남대로158길 21 지상1층 101호 (신사동 홍인빌딩),타츠야,37.51928880168523,127.01761080805534
88,서울특별시 강남구 도곡동 943-5번지 지하1층 ,서울특별시 강남구 강남대로58길 11 (도곡동지하1층),센스,37.48947736351399,127.03010151299574
89,서울특별시 강남구 개포동 1237-16번지 ,서울특별시 강남구 논현로18길 15 지상1층 101호 (개포동),심야오뎅,37.47799354827832,127.04333411262559
90,서울특별시 강남구 신사동 521-1번지 ,서울특별시 강남구 압구정로2길 29 1층 (신사동),우오하나,37.51989010454653,127.01753824088979
91,서울특별시 강남구 역삼동 831-3 지하1층 ,서울특별시 강남구 강남대로78길 8 지하1층 (역삼동 한국빌딩),이자카야나무(강남역2호점),37.494787906406366,127.02717668905973
92,서울특별시 강남구 대치동 944-25번지 ,서울특별시 강남구 영동대로85길 38 지하1층 (대치동),하레이자카야,37.50663634337098,127.05767564713805
93,서울특별시 강남구 도곡동 417번지 지상2층 ,서울특별시 강남구 논현로38길 36 지상2층 (도곡동),코지로,37.485462493322146,127.0418195897286
94,서울특별시 강남구 신사동 657-40 ,서울특별시 강남구 선릉로157길 13-5 101호 (신사동),야키토리(Yakitori)파노,37.52565916562476,127.03575612022917
95,서울특별시 강남구 신사동 657-20번지 ,서울특별시 강남구 선릉로157길 21 지하1층 (신사동),이노,37.52605640125609,127.03524347724068
96,서울특별시 강남구 도곡동 419-0 ,서울특별시 강남구 남부순환로378길 8 (도곡동),하루,37.48573799437093,127.04268775163395
97,서울특별시 강남구 신사동 536-1번지 지상5층 ,서울특별시 강남구 도산대로11길 22 (신사동지상5층),모르나,37.51887745593814,127.01977816257126
98,서울특별시 강남구 역삼동 690-11번지 ,서울특별시 강남구 봉은사로44길 61 1층 (역삼동),연 YEON,37.50577949895348,127.03951204379841
99,서울특별시 강남구 신사동 540-21번지 ,서울특별시 강남구 강남대로152길 63 지하1지상1층 (신사동),켄카,37.51893471394821,127.02133738039475
100,서울특별시 강남구 신사동 521-3번지 ,서울특별시 강남구 강남대로160길 23 1층 101호 (신사동),교텐,37.51986165336463,127.0177591770952
101,서울특별시 강남구 신사동 654-18번지 ,서울특별시 강남구 도산대로51길 22 지상4층 (신사동),도산소반,37.5244980078159,127.03509604140574
102,서울특별시 강남구 청담동 123-44 ,서울특별시 강남구 압구정로79길 35 (청담동),청담이상 본점,37.52545448585997,127.04722591964638
103,서울특별시 강남구 논현동 97-8 ,서울특별시 강남구 언주로150길 24 1층 (논현동),모토이시 도산공원점,37.52130827807922,127.0333421870175
104,서울특별시 강남구 도곡동 417-12 ,서울특별시 강남구 논현로38길 34 지상2층 (도곡동),키노에다,37.48541778941587,127.04160915136019
105,서울특별시 강남구 청담동 22-11 K2빌딩 ,서울특별시 강남구 도산대로58길 12 K2빌딩 지상2층 (청담동),청담류 더 퍼스트 이자카야(청담류 The First Izakaya),37.522542185123406,127.03832687864312
106,서울특별시 강남구 청담동 22-11 K2빌딩 ,서울특별시 강남구 도산대로58길 12 K2빌딩 지상2층 (청담동),청담류 더 퍼스트 이자카야(청담류 The First Izakaya),37.522542185123406,127.03832687864312
107,서울특별시 강남구 대치동 901-77번지 ,서울특별시 강남구 삼성로75길 26 1층 102호 (대치동),구십구 구(99 9),37.5031633171601,127.05321734285002
108,서울특별시 강남구 수서동 502-1번지 ,서울특별시 강남구 광평로 220 (수서동),한단고기,37.4847077320372,127.09417720658722
109,서울특별시 강남구 청담동 20-13 ,서울특별시 강남구 선릉로148길 40 지상1층 (청담동),로바타 라이브라 별관점,37.5227234244254,127.03989476082175
110,서울특별시 강남구 청담동 20-7 ,서울특별시 강남구 선릉로146길 29 지하2층 (청담동),훈,37.52191973824893,127.03932663128936
111,서울특별시 강남구 신사동 653-12번지 ,서울특별시 강남구 도산대로49길 10-3 지하1층지상1층 (신사동),로지,37.52380772679799,127.03479098954087
112,서울특별시 강남구 청담동 20-2번지 ,서울특별시 강남구 선릉로146길 27-10 지하1층 (청담동),쇼쿠도카이,37.522414931058464,127.03946126266548
113,서울특별시 강남구 논현동 164-11번지 지상2층  동 ,서울특별시 강남구 강남대로 506 동 (논현동지상2층),히까리 논현점,37.5075075922186,127.02061473107624
114,서울특별시 강남구 신사동 642-28번지 ,서울특별시 강남구 압구정로48길 38 1층 (신사동),나미나미,37.525958975422675,127.03396690377437
115,서울특별시 강남구 청담동 88-8 1층,서울특별시 강남구 도산대로55길 16 (청담동1층),베베르(Be Ber),37.52447155667542,127.03762228098107
116,서울특별시 강남구 청담동 7-27번지 ,서울특별시 강남구 삼성로147길 8 1층 101호 (청담동),스기타마,37.52244765442893,127.04459549528052
117,서울특별시 강남구 청담동 123-44 ,서울특별시 강남구 압구정로79길 35 (청담동),청담이상 본점,37.52545448585997,127.04722591964638
118,서울특별시 강남구 역삼동 830-32번지 ,서울특별시 강남구 역삼로3길 14 지하1층 (역삼동),강남 시소,37.49447213317045,127.02863780465812
119,서울특별시 강남구 삼성동 149-31번지 ,서울특별시 강남구 봉은사로84길 34 지상1 2층 (삼성동),이자카야 한잔 삼성본점,37.5111718415461,127.05328290906213
120,서울특별시 강남구 수서동 724 로즈데일오피스텔 ,서울특별시 강남구 광평로 280 로즈데일오피스텔 지하2층 124호 (수서동),육대장,37.487326809304335,127.10025005039468
121,서울특별시 강남구 신사동 612-2 ,서울특별시 강남구 언주로167길 46 지상1층 1호 (신사동),완강정,37.52661386787817,127.02651805162382
122,서울특별시 강남구 신사동 577-12번지 ,서울특별시 강남구 압구정로28길 18 (신사동),목로,37.52547553770718,127.02468307437562
123,서울특별시 강남구 논현동 163-17 상당빌딩 ,서울특별시 강남구 강남대로122길 15 상당빌딩 지상2층 (논현동),이자카야 소영,37.508151383781495,127.02127296073003
124,서울특별시 강남구 대치동 507 윈플러스상가 ,서울특별시 강남구 남부순환로 2936 윈플러스상가 지상1층 104호 (대치동),동경에서 먹었던 규동,37.49335769225387,127.05901902658121
125,서울특별시 강남구 역삼동 740-2번지 세하빌딩1층 ,서울특별시 강남구 논현로85길 35 (역삼동세하빌딩1층),더 간사이,37.49825359742648,127.03237745696583
126,서울특별시 강남구 역삼동 817-8번지 ,서울특별시 강남구 테헤란로1길 28-1 (역삼동),야다이,37.50033283662743,127.02476461016803
127,서울특별시 강남구 역삼동 832-33 성우스타우스오피스텔,서울특별시 강남구 역삼로4길 16 성우스타우스오피스텔 지상1층 112호 (역삼동),토리니쿠,37.492409017716554,127.02913357378822
128,서울특별시 강남구 압구정동 369-1번지 ,서울특별시 강남구 압구정로29길 71 지상1층 104105호 (압구정동 현대상가 2동),춘풍월,37.533026723729606,127.02503554801572
129,서울특별시 강남구 역삼동 669-16번지 ,서울특별시 강남구 논현로94길 11 지하1층 (역삼동),아리네술상,37.502588713353106,127.03431929917441
130,서울특별시 강남구 역삼동 788-32번지 ,서울특별시 강남구 도곡로 209 1층 (역삼동),이자카야 겸,37.49300147718078,127.03890601579614
131,서울특별시 강남구 역삼동 831-3 지하1층 ,서울특별시 강남구 강남대로78길 8 지하1층 (역삼동 한국빌딩),이자카야나무(강남역2호점),37.494787906406366,127.02717668905973
132,서울특별시 강남구 신사동 657-32번지 ,서울특별시 강남구 도산대로51길 40 지상3층 302호 (신사동),겜지노,37.525749309802286,127.03540301122194
133,서울특별시 강남구 논현동 148-17,서울특별시 강남구 학동로20길 46 지상1층 (논현동),아리,37.5107347484042,127.02449795905905
134,서울특별시 강남구 역삼동 642-1번지 역삼현대벤쳐텔 ,서울특별시 강남구 테헤란로25길 20 역삼현대벤쳐텔 지하1층 B102호 (역삼동),갓포돈,37.501637085755824,127.03274372258359
135,서울특별시 강남구 대치동 945-15번지 지상1층 101호,서울특별시 강남구 테헤란로98길 16 지상1층 101호 (대치동),남오토코 대치점,37.50723691066184,127.05952288741733
136,서울특별시 강남구 신사동 533-14번지 지하1층 ,서울특별시 강남구 압구정로12길 34-4 지하1층 (신사동),료하나,37.521705936614566,127.01956345553813
137,서울특별시 강남구 청담동 126-5 지상2층 ,서울특별시 강남구 도산대로89길 18 (청담동지상2층),오다,37.525697984571494,127.048228518232
138,서울특별시 강남구 삼성동 128-23 원혜빌딩 ,서울특별시 강남구 삼성로 519 원혜빌딩 지상2층 (삼성동),청담이상블랙 삼성로점,37.50838394398791,127.05248976311942
139,서울특별시 강남구 논현동 249-6번지 지하1층101호 ,서울특별시 강남구 언주로 626 (논현동지하1층101호),나리스시 논현본점,37.51259480878224,127.03317243355978
140,서울특별시 강남구 대치동 901-38 1층 ,서울특별시 강남구 삼성로81길 37 1층 (대치동),오레노카츠,37.503690279409,127.05174696282712
141,서울특별시 강남구 역삼동 699-1번지 ,서울특별시 강남구 언주로98길 5-4 지상1층 (역삼동),야신,37.505308023712246,127.03960098267156
142,서울특별시 강남구 신사동 559-9번지 ,서울특별시 강남구 도산대로23길 19 지상 1층 (신사동),사일삼 프로젝트 신사,37.520254025535145,127.02302833967083
143,서울특별시 강남구 역삼동 825-20번지 강남역 센트럴 푸르지오 시티 ,서울특별시 강남구 테헤란로4길 6 강남역 센트럴 푸르지오 시티 1층 124호 (역삼동),723핫도그앤커피 강남본점,37.49772599457762,127.02640702509804
144,서울특별시 강남구 신사동 654-14번지 지상1층 ,서울특별시 강남구 도산대로51길 18 (신사동지상1층),이자카야 인 뉴욕,37.524310185700955,127.03511873909254
145,서울특별시 강남구 도곡동 941-1번지 크리스탈빌딩2층201호 ,서울특별시 강남구 도곡로 128 (도곡동크리스탈빌딩2층201호),기소야,37.49006224835682,127.03149925682726
146,서울특별시 강남구 삼성동 159 ,서울특별시 강남구 영동대로 517 아셈회관동 지하1층 P107호 (삼성동 코엑스몰),피에프창 코엑스몰점,37.51252113667062,127.05592928352866
147,서울특별시 강남구 신사동 657-32,서울특별시 강남구 도산대로51길 40 지하1층 (신사동),풍,37.525749309802286,127.03540301122194
148,서울특별시 강남구 역삼동 738-4번지 ,서울특별시 강남구 논현로85길 5-6 지하1층 (역삼동),오직화제육,37.49875262324103,127.03403547550907
149,서울특별시 강남구 역삼동 730-5번지 ,서울특별시 강남구 언주로 405 지상103호 (역삼동),남와집,37.499208903338335,127.04103154300263
150,서울특별시 강남구 역삼동 799번지 서경빌딩 ,서울특별시 강남구 도곡로13길 6 서경빌딩 지하1층 (역삼동),노블,37.49159015507079,127.03384839094993
151,서울특별시 강남구 논현동 163-17 상당빌딩 ,서울특별시 강남구 강남대로122길 15 상당빌딩 지상2층 (논현동),이자카야 소영,37.508151383781495,127.02127296073003
152,서울특별시 강남구 역삼동 736-58 대세빌딩 ,서울특별시 강남구 테헤란로26길 14 대세빌딩 지하2층 101호 (역삼동),역삼골목냉면,37.49925118518421,127.0330428291873
153,서울특별시 강남구 논현동 166-2번지 지상1층 ,서울특별시 강남구 강남대로122길 14 (논현동지상1층),울트라멘,37.507860046824405,127.02144780422499
154,서울특별시 강남구 청담동 123-21번지 ,서울특별시 강남구 도산대로89길 19-4 2층 (청담동),마고꼬로,37.52594964169964,127.04807310010735
155,서울특별시 강남구 삼성동 166-6번지 ,서울특별시 강남구 봉은사로114길 42 (삼성동),미스터 돌쇠,37.512161951536925,127.06245267550972
156,서울특별시 강남구 대치동 911-13번지 .지상1층 ,서울특별시 강남구 역삼로 452 (대치동.지상1층),행복,37.502194035014774,127.05377782004257
157,서울특별시 강남구 신사동 515-12 ,서울특별시 강남구 강남대로152길 29 (신사동),촌,37.51791098502277,127.01882891333717
158,서울특별시 강남구 청담동 132-3번지 청담상가 1층8호 ,서울특별시 강남구 학동로101길 33 (청담동청담상가 1층8호),월풍월,37.52241695539193,127.05377388463644
159,서울특별시 강남구 논현동 164-14 원창빌딩 ,서울특별시 강남구 학동로2길 56 원창빌딩 지상5층 (논현동),아오자이,37.50796575695693,127.02071951641787
160,서울특별시 강남구 역삼동 752-41 2층 2호,서울특별시 강남구 역삼로 133 지상2층 2호 (역삼동),오사카우동 강남점,37.49447725409957,127.0313115310679
161,서울특별시 강남구 논현동 242-47번지 ,서울특별시 강남구 선릉로127길 5 (논현동),도리토리본점,37.515518539001285,127.03845572193234
162,서울특별시 강남구 청담동 80-12번지 ,서울특별시 강남구 압구정로 434-3 지상1층 (청담동),코코모이,37.526374132037866,127.04159392197006
163,서울특별시 강남구 역삼동 826-37번지 ,서울특별시 강남구 테헤란로4길 46 제비122호 (역삼동),찌개마을,37.4953998783353,127.02751578848203
164,서울특별시 강남구 논현동 203-1번지 거평타운 지하121호 ,서울특별시 강남구 봉은사로 129 (논현동거평타운 지하121호),이장군 충무김밥,37.50588971272667,127.02533288349252
165,서울특별시 강남구 역삼동 817-34번지 지상3층 ,서울특별시 강남구 강남대로98길 14 (역삼동지상3층),가가린 철우 사주카페,37.5006978477683,127.02494963462205
166,서울특별시 강남구 역삼동 661-21번지 지상1층 101호,서울특별시 강남구 언주로103길 15 지상1층 101호 (역삼동),미장원,37.50644806704624,127.03591826376164
167,서울특별시 강남구 역삼동 826-37번지 쌍용플래티넘밸류 ,서울특별시 강남구 테헤란로4길 46 지하1층 B123호B124호 (역삼동 쌍용플래티넘밸류),청담돈가스,37.4953998783353,127.02751578848203
168,서울특별시 강남구 신사동 527-4 형지제2빌딩,서울특별시 강남구 압구정로 102 형지제2빌딩 지상1층 (신사동),오우야 에스프레소바,37.522365431011885,127.01677506962515
169,서울특별시 강남구 신사동 652-5,서울특별시 강남구 도산대로49길 6-5 지상1층 (신사동),다이브에스프레소클럽,37.52344785901828,127.03477767648553
170,서울특별시 강남구 논현동 163-17 상당빌딩 ,서울특별시 강남구 강남대로122길 15 상당빌딩 지상2층 (논현동),이자카야 소영,37.508151383781495,127.02127296073003
171,서울특별시 강남구 청담동 87 ,서울특별시 강남구 선릉로152길 10 지하1층 (청담동),만지,37.524035905715365,127.0374528984802
172,서울특별시 강남구 역삼동 651-19 ,서울특별시 강남구 언주로107길 48 지상1층 102호 (역삼동),사시미651,37.50700566144267,127.03248256505694
173,서울특별시 강남구 신사동 555 ,서울특별시 강남구 논현로157길 55 지상1층 102호 (신사동),사케츠바사,37.520798098091106,127.02134305476066
174,서울특별시 강남구 역삼동 708-1번지 ,서울특별시 강남구 테헤란로 328 지하1층 101호102호 (역삼동 동우빌딩),토종시골집,37.503758634700276,127.04474714761446
175,서울특별시 강남구 개포동 1237-16번지 ,서울특별시 강남구 논현로18길 15 지상1층 101호 (개포동),심야오뎅,37.47799354827832,127.04333411262559
176,서울특별시 강남구 역삼동 619번지 정암빌딩 ,서울특별시 강남구 봉은사로6길 38 지상2층 (역삼동 정암빌딩),이름없는 파스타 강남역점,37.50254927679964,127.0246706508019
177,서울특별시 강남구 도곡동 545-6번지 한성빌딩1층 ,서울특별시 강남구 도곡로 174 (도곡동한성빌딩1층),호미곶,37.491333917452444,127.0355870131639
178,서울특별시 강남구 도곡동 418-10번지 ,서울특별시 강남구 논현로38길 38-3 (도곡동),후포항,37.48542068546714,127.04216955238165
179,서울특별시 강남구 수서동 502-1번지 ,서울특별시 강남구 광평로 220 (수서동),한단고기,37.4847077320372,127.09417720658722
180,서울특별시 강남구 역삼동 708-33번지 역삼동 벤처빌딩 ,서울특별시 강남구 테헤란로52길 21 역삼동 벤처빌딩 지하1층 B101호B102호중 일부 (역삼동),이치동,37.50292758019081,127.04565650331335
181,서울특별시 강남구 삼성동 40-8번지 지상1층101호 ,서울특별시 강남구 봉은사로59길 12 (삼성동지상1층101호),쇼헤이,37.511813747576014,127.04297856599533
182,서울특별시 강남구 역삼동 628-7번지 ,서울특별시 강남구 테헤란로25길 42 지상1층 (역삼동),이필녀국밥,37.50336708076556,127.03203507359808
183,서울특별시 강남구 신사동 657-11 ,서울특별시 강남구 선릉로157길 25 2층 (신사동),올리버,inf,inf
184,서울특별시 강남구 신사동 656-7번지 지상2층 ,서울특별시 강남구 선릉로155길 23-3 (신사동지상2층),이치에,37.52538255808704,127.034790172693
185,서울특별시 강남구 대치동 944-25번지 ,서울특별시 강남구 영동대로85길 38 지하1층 (대치동),하레이자카야,37.50663634337098,127.05767564713805
186,서울특별시 강남구 신사동 651-6,서울특별시 강남구 도산대로45길 8-7 지상1층 (신사동),미나미 하나레,37.52304698364338,127.03351058612925
187,서울특별시 강남구 신사동 651-5,서울특별시 강남구 도산대로45길 8-3 2층 (신사동),갓포아키 도산공원점,37.522994827914985,127.03334790737225
188,서울특별시 강남구 역삼동 831-3 지하1층 ,서울특별시 강남구 강남대로78길 8 지하1층 (역삼동 한국빌딩),이자카야나무(강남역2호점),37.494787906406366,127.02717668905973
189,서울특별시 강남구 역삼동 811번지 지상3층 ,서울특별시 강남구 봉은사로4길 17 지상3층 (역삼동),은하수[:天の河],37.50373873590109,127.02359851115736
190,서울특별시 강남구 대치동 948번지 ,서울특별시 강남구 영동대로 417 지하1층 4-1호 (대치동 오토웨이타워),로봇김밥 오토웨이점,37.50619045847791,127.06082723163554
191,서울특별시 강남구 신사동 517-25 ,서울특별시 강남구 도산대로11길 31-7 지하1층 102호 (신사동),콘유,37.51919735295185,127.01898711468871
192,서울특별시 강남구 신사동 514-9번지 지상1층 ,서울특별시 강남구 도산대로11길 5 (신사동지상1층),팔일삼,37.517814033699,127.0194085683456
193,서울특별시 강남구 논현동 221-7 한양수자인 어반게이트,서울특별시 강남구 봉은사로29길 35 지하2층 B201호B202호 주방1호 (논현동 한양수자인 어반게이트),아키타,37.5097162212438,127.03063388766482
194,서울특별시 강남구 신사동 534-8번지 ,서울특별시 강남구 압구정로10길 35 지상1층 (신사동),도쿄수플레,37.52131811254783,127.01932596190466
195,서울특별시 강남구 자곡동 662번지 ,서울특별시 강남구 자곡로 204-5 1층 105110호 (자곡동),소야지,37.47427859220794,127.10251198548809
196,서울특별시 강남구 신사동 525-19 지상1층 ,서울특별시 강남구 논현로175길 101 (신사동지상1층),야키토리 요이사,37.52268550717623,127.01828216859475
197,서울특별시 강남구 개포동 1237-16번지 ,서울특별시 강남구 논현로18길 15 지상1층 101호 (개포동),심야오뎅,37.47799354827832,127.04333411262559
198,서울특별시 강남구 신사동 524-28번지 ,서울특별시 강남구 압구정로10길 30-10 지하1층 (신사동),이자카야 한,37.52213167409249,127.01876520738178
199,서울특별시 강남구 신사동 578-2 지하1층 ,서울특별시 강남구 논현로175길 17 (신사동지하1층),아쿠아(Aqua),37.52577358458233,127.02436438673368
200,서울특별시 강남구 신사동 580-5번지 ,서울특별시 강남구 논현로175길 6 지상1.2층 (신사동),이코복스커피,37.52631592709986,127.0248700794402
201,서울특별시 강남구 역삼동 735-17번지 ,서울특별시 강남구 논현로85길 52 2층 205-1호 (역삼동 역삼푸르지오시티),스시산원(청),37.49817676072366,127.03075343575831
202,서울특별시 강남구 논현동 70-1 지하1층 ,서울특별시 강남구 언주로147길 9-3 (논현동지하1층),콘서트,37.51975157048866,127.03084216913409
203,서울특별시 강남구 신사동 535-17번지 지층 102호 ,서울특별시 강남구 도산대로13길 31-1 (신사동지층 102호),아카시아씨앤비,37.519981235312734,127.0198128011645
204,서울특별시 강남구 삼성동 149-4 ,서울특별시 강남구 봉은사로84길 22 지상1층 제101호 (삼성동),퍼플 케이터링,37.511936815658416,127.05302173341796
205,서울특별시 강남구 역삼동 827-14 ,서울특별시 강남구 테헤란로4길 35 지상1층 101호 (역삼동),텐카라멘,37.49616504941452,127.02780155765207
206,서울특별시 강남구 역삼동 645-3 ,서울특별시 강남구 논현로95길 29 1층 (역삼동),소돼지 불맛집,37.50180520848076,127.03078426965418
207,서울특별시 강남구 신사동 570-6 ,서울특별시 강남구 논현로163길 10 지하1층 (신사동),갓포준×에스테반,37.524221475565774,127.02444392926778
208,서울특별시 강남구 대치동 944-25번지 ,서울특별시 강남구 영동대로85길 38 지하1층 (대치동),하레이자카야,37.50663634337098,127.05767564713805
209,서울특별시 강남구 역삼동 719-18 시티타워 ,서울특별시 강남구 언주로87길 24 시티타워 지하1층 (역삼동),작야,37.501333136042156,127.03813519856871
210,서울특별시 강남구 신사동 657-5 ,서울특별시 강남구 압구정로48길 35 지상1층 102호 (신사동),토리카마(TORIKAMA),37.52610424504685,127.03419953763377
211,서울특별시 강남구 압구정동 494 갤러리아백화점 ,서울특별시 강남구 압구정로 343 갤러리아백화점 명품관 West 지하1층 (압구정동),히비 압구정점,37.52856181261575,127.03716457676555
212,서울특별시 강남구 논현동 232-17 ,서울특별시 강남구 봉은사로37길 11 1층 (논현동),일언 족발,37.50903470832405,127.03367025732724
213,서울특별시 강남구 역삼동 830-54번지 지하1층 ,서울특별시 강남구 역삼로5길 6 (역삼동지하1층),물고기,37.494318834565206,127.02956970342566
214,서울특별시 강남구 청담동 32-2 ,서울특별시 강남구 학동로77길 19 지상1층 (청담동),스시원,37.50715609425891,127.05094833927821
215,서울특별시 강남구 논현동 98-12 가동 지하1층 ,서울특별시 강남구 언주로148길 14 가동 지하1층 (논현동),노네임,37.52040723263599,127.03320521852369
216,서울특별시 강남구 대치동 891-26번지 지상1층102호 ,서울특별시 강남구 삼성로85길 42 (대치동지상1층102호),죠샌드위치포스코사거리점,37.50463278467628,127.05086182448487
217,서울특별시 강남구 논현동 108번지 ,서울특별시 강남구 학동로43길 38 지하1층 B107호 (논현동 논현웰스톤),요시야,37.518452674527815,127.03513977909532
218,서울특별시 강남구 도곡동 515-4번지 1층 ,서울특별시 강남구 논현로 148 1층 (도곡동),한통,37.48298600783441,127.03988869795387
219,서울특별시 강남구 논현동 163-17 상당빌딩 ,서울특별시 강남구 강남대로122길 15 상당빌딩 지상2층 (논현동),이자카야 소영,37.508151383781495,127.02127296073003
220,서울특별시 강남구 논현동 134 ,서울특별시 강남구 학동로18길 17 지상1층 (논현동),찌웅이네 숯불두마리치킨 강남점,inf,inf
221,서울특별시 강남구 수서동 502-1번지 ,서울특별시 강남구 광평로 220 (수서동),한단고기,37.4847077320372,127.09417720658722
222,서울특별시 강남구 신사동 654-14번지 지상1층 ,서울특별시 강남구 도산대로51길 18 (신사동지상1층),이자카야 인 뉴욕,37.524310185700955,127.03511873909254
223,서울특별시 강남구 청담동 128-23번지 ,서울특별시 강남구 압구정로79길 79 지상1층 (청담동),우랑,37.52610826283396,127.05071203065745
224,서울특별시 강남구 신사동 515번지 (주)로터스가든 ,서울특별시 강남구 압구정로2길 59 (주)로터스가든 지상1층지상2층 (신사동),오레노 유메,37.51808898972386,127.01869483403284
225,서울특별시 강남구 논현동 10-7번지 동남빌딩 ,서울특별시 강남구 논현로149길 31 동남빌딩 1층 101-2호 (논현동),모노로그,37.517730875065624,127.02306300015354
226,서울특별시 강남구 개포동 1172 ,서울특별시 강남구 논현로6길 22 지상1층 102호 (개포동),라온,37.47368435096503,127.04837935150772
227,서울특별시 강남구 신사동 652-5,서울특별시 강남구 도산대로49길 6-5 지상1층 (신사동),다이브에스프레소클럽,37.52344785901828,127.03477767648553
228,서울특별시 강남구 대치동 996-16번지 육인빌딩 ,서울특별시 강남구 영동대로86길 17 육인빌딩 지하1층 (대치동),유키즈시,37.50831382733415,127.06257764238329
229,서울특별시 강남구 일원동 628-6번지 1층 ,서울특별시 강남구 개포로128길 33 1층 (일원동),모퉁이,37.49313449424315,127.0813375660524
230,서울특별시 강남구 청담동 31-19번지 대유빌딩 지하1층 ,서울특별시 강남구 학동로77길 26 (청담동대유빌딩 지하1층),타비타비,37.52037477500782,127.04578134314424
231,서울특별시 강남구 대치동 930-0번지 리치캐슬1층 ,서울특별시 강남구 삼성로67길 13 (대치동리치캐슬1층),토로노,37.50085405295111,127.05547349633561
232,서울특별시 강남구 대치동 924-8번지 지상1층지상2층 ,서울특별시 강남구 도곡로63길 20 지상1층지상2층 (대치동),아리노마마,37.49842091341293,127.05122663155865
233,서울특별시 강남구 논현동 221-14,서울특별시 강남구 논현로 634 지상12층 (논현동),이자카야찬논현,37.510202291494984,127.02994032263531
234,서울특별시 강남구 신사동 524-28번지 ,서울특별시 강남구 압구정로10길 30-10 지하1층 (신사동),이자카야 한,37.52213167409249,127.01876520738178
235,서울특별시 강남구 청담동 19-19번지 ,서울특별시 강남구 선릉로148길 52 지하1층 (청담동),로바타 라이브라,37.5228768610172,127.04087898223966
236,서울특별시 강남구 신사동 657-4,서울특별시 강남구 선릉로157길 27-4 지상1층 (신사동),하얀상회,37.52611042069201,127.0343986618602
237,서울특별시 강남구 역삼동 830-3 ,서울특별시 강남구 강남대로78길 30 지상1층 (역삼동),심가네칼국수 강남역본점,37.49532743864493,127.02882816139443
238,서울특별시 강남구 신사동 553-10번지 ,서울특별시 강남구 도산대로25길 47 지상1층 (신사동),오늘잡은 안동갈비,37.522533854555554,127.02276684783818
239,서울특별시 강남구 개포동 1237-16번지 ,서울특별시 강남구 논현로18길 15 지상1층 101호 (개포동),심야오뎅,37.47799354827832,127.04333411262559
240,서울특별시 강남구 신사동 644-15번지 ,서울특별시 강남구 언주로170길 28 지상2층 (신사동),사케리아 잇콘(SAKERIA-IKKON),37.526586453549854,127.03294261467096
241,서울특별시 강남구 역삼동 601-16 ,서울특별시 강남구 봉은사로4길 1 1층 (역삼동),미타우동 비스트로,37.50460501396419,127.02327713756145
242,서울특별시 강남구 신사동 654-14번지 지상1층 ,서울특별시 강남구 도산대로51길 18 (신사동지상1층),이자카야 인 뉴욕,37.524310185700955,127.03511873909254
243,서울특별시 강남구 신사동 654-14번지 지상1층 ,서울특별시 강남구 도산대로51길 18 (신사동지상1층),이자카야 인 뉴욕,37.524310185700955,127.03511873909254
244,서울특별시 강남구 역삼동 669-9 ,서울특별시 강남구 봉은사로30길 73 지상2층 3호 (역삼동),와타미 역삼직영점,37.50292140827943,127.03422240556303
245,서울특별시 강남구 도곡동 953-1번지 양재에스케이허브프리모 102111112호 ,서울특별시 강남구 강남대로 240 (도곡동양재에스케이허브프리모 102111112호),하츠코이 오카,37.4853093174667,127.0315134174308
246,서울특별시 강남구 논현동 233-4 ,서울특별시 강남구 논현로114길 22 1층 1호 (논현동),호별관,37.50888320614968,127.03237813074973
247,서울특별시 강남구 삼성동 159-7번지 현대백화점 ,서울특별시 강남구 테헤란로 517 현대백화점 지상10층 2호 (삼성동),철그릴 무역점,37.50859528275294,127.05682846169978
248,서울특별시 강남구 신사동 657-5 ,서울특별시 강남구 압구정로48길 35 지상1층 102호 (신사동),토리카마(TORIKAMA),37.52610424504685,127.03419953763377
249,서울특별시 강남구 논현동 190-3번지 ,서울특별시 강남구 논현로115길 17 (논현동),아지트,37.508603755737624,127.02871610851844
250,서울특별시 강남구 논현동 233-5 ,서울특별시 강남구 봉은사로33길 13 103호 (논현동),모토카레,37.5089152664326,127.03254138890632
251,서울특별시 강남구 역삼동 647-13 지하1층 ,서울특별시 강남구 테헤란로19길 5 (역삼동지하1층),요술 역삼점,37.50041749962147,127.03059462085282
252,서울특별시 강남구 신사동 657-5 ,서울특별시 강남구 압구정로48길 35 지상1층 102호 (신사동),토리카마(TORIKAMA),37.52610424504685,127.03419953763377
253,서울특별시 강남구 신사동 555 ,서울특별시 강남구 논현로157길 55 지상1층 102호 (신사동),사케츠바사,37.520798098091106,127.02134305476066
254,서울특별시 강남구 역삼동 642-1번지 역삼현대벤쳐텔 ,서울특별시 강남구 테헤란로25길 20 역삼현대벤쳐텔 지하1층 B102호 (역삼동),갓포돈,37.501637085755824,127.03274372258359
255,서울특별시 강남구 수서동 502-1번지 ,서울특별시 강남구 광평로 220 (수서동),한단고기,37.4847077320372,127.09417720658722
256,서울특별시 강남구 역삼동 825-24,서울특별시 강남구 강남대로84길 15 지하1층 105106107108호 (역삼동),도툼횟집,37.49702708753827,127.02687900251077
257,서울특별시 강남구 역삼동 831-3 지하1층 ,서울특별시 강남구 강남대로78길 8 지하1층 (역삼동 한국빌딩),이자카야나무(강남역2호점),37.494787906406366,127.02717668905973
258,서울특별시 강남구 대치동 1001-6번지 지하1층 ,서울특별시 강남구 영동대로86길 10 (대치동지하1층),록스플레이트,37.5077932198065,127.06203185396758
259,서울특별시 강남구 논현동 63-6 ,서울특별시 강남구 언주로149길 5 지상2층 (논현동),켈리 더 쿡(Kelly the cook),37.52049001955665,127.03081811610855
260,서울특별시 강남구 논현동 249-3번지 ,서울특별시 강남구 언주로 632 (논현동),유다까,37.513062642407824,127.03295275060262
261,서울특별시 강남구 신사동 511-8 지상1층 ,서울특별시 강남구 강남대로156길 22 (신사동지상1층),하나비카레,37.518294146337446,127.01804354380344
262,서울특별시 강남구 역삼동 836-1 지하1층 ,서울특별시 강남구 도곡로3길 22 (역삼동지하1층),히어로,37.491621093126504,127.02995690280791
263,서울특별시 강남구 신사동 503-2번지 ,서울특별시 강남구 강남대로 632 지상1층 (신사동),신의 곱창,37.51826563918298,127.01657143009072
264,서울특별시 강남구 신사동 559-16번지 지상 1층 ,서울특별시 강남구 논현로151길 26 (신사동지상 1층),월드맛집,37.51995392602237,127.02319536480724
265,서울특별시 강남구 도곡동 517-1 ,서울특별시 강남구 논현로30길 36 지상1층 (도곡동),도곡여울,37.48444113572889,127.04171089442956
266,서울특별시 강남구 신사동 613-5 캐럴라인타워 ,서울특별시 강남구 압구정로32길 11 캐럴라인타워 지상1층 107호 (신사동),코이라멘 압구정점,37.52691651041708,127.02732564517348
267,서울특별시 강남구 청담동 112-30번지 ,서울특별시 강남구 도산대로85길 35 지하1층 (청담동),지나살롱(Gina salon),37.52685689709033,127.04658345329776
268,서울특별시 강남구 역삼동 825-20 강남역 센트럴 푸르지오 시티 ,서울특별시 강남구 테헤란로4길 6 강남역 센트럴 푸르지오 시티 지하1층 B120호 (역삼동),도키메이테,37.49772599457762,127.02640702509804
269,서울특별시 강남구 청담동 49-5번지 ,서울특별시 강남구 도산대로 510 (청담동),하모,37.52397648778549,127.04598764973086
270,서울특별시 강남구 신사동 578-1번지 ,서울특별시 강남구 논현로175길 11 지상1층 (신사동),컴스고스(comesgoes),37.52593858469846,127.0246969578228
271,서울특별시 강남구 논현동 242-21 삼아프라자 ,서울특별시 강남구 선릉로129길 3-6 삼아프라자 1층 101호 (논현동),묵호일식,37.51594684944292,127.03808186190915
272,서울특별시 강남구 역삼동 776-18번지 지상1층104호 ,서울특별시 강남구 논현로68길 4 (역삼동지상1층104호),코페아,37.4944612546207,127.03748745704962
273,서울특별시 강남구 신사동 525-13 지상1층101102호 ,서울특별시 강남구 압구정로4길 13-13 (신사동지상1층101102호),르포트 13,37.52234623586576,127.01825888610826
274,서울특별시 강남구 삼성동 150-21번지 지상1층 ,서울특별시 강남구 삼성로104길 7 (삼성동지상1층),한탕,37.51090873419257,127.05232227015765
275,서울특별시 강남구 개포동 186-12번지 지상1층 ,서울특별시 강남구 개포로82길 7 지상1층 2호 (개포동),뻑꺼구이촌,37.48877692629937,127.06443429311398
276,서울특별시 강남구 역삼동 832-33번지 성우스타우스오피스텔 ,서울특별시 강남구 역삼로4길 16 성우스타우스오피스텔 지하1층 B06호 (역삼동),김충기 꽃삼겹,37.492409017716554,127.02913357378822
277,서울특별시 강남구 신사동 652-5,서울특별시 강남구 도산대로49길 6-5 지상1층 (신사동),다이브에스프레소클럽,37.52344785901828,127.03477767648553
278,서울특별시 강남구 신사동 512-3 ,서울특별시 강남구 강남대로154길 16 1층 101호 (신사동),심퍼티쿠시 가로수길점,37.51764601991246,127.01765826570546
279,서울특별시 강남구 역삼동 635-5 ,서울특별시 강남구 테헤란로5길 36 지하1층 (역삼동),엘라(ELAH),37.50085879198526,127.02616421774523
280,서울특별시 강남구 역삼동 817-34번지 지상3층 ,서울특별시 강남구 강남대로98길 14 (역삼동지상3층),가가린 철우 사주카페,37.5006978477683,127.02494963462205
281,서울특별시 강남구 신사동 561-19 ,서울특별시 강남구 도산대로 153 지상19층 (신사동),텔러스 9.5,37.518850267047604,127.02232880619405
282,서울특별시 강남구 신사동 537-4 ,서울특별시 강남구 강남대로152길 46 지상2층 (신사동),레 부르주아,37.51818356311797,127.02010183179723
283,서울특별시 강남구 삼성동 108-0번지 ,서울특별시 강남구 봉은사로103길 8 (삼성동),노메,37.515158337577795,127.0588642564233
284,서울특별시 강남구 논현동 164번지 영동빌딩 ,서울특별시 강남구 강남대로 520 지상1층 109110호 (논현동),우기식당,37.50864271518787,127.02009848426029
285,서울특별시 강남구 역삼동 825-24 ,서울특별시 강남구 강남대로84길 15 지하1층 B126호 (역삼동),박과장 떡볶이,37.49702708753827,127.02687900251077
286,서울특별시 강남구 역삼동 820-2 지상2층,서울특별시 강남구 테헤란로1길 17 (역삼동지상2층),수지상회 강남1호점,37.499463462235724,127.02472697796219
287,서울특별시 강남구 역삼동 742-22번지 도원빌딩 ,서울특별시 강남구 역삼로9길 28 도원빌딩 지하1층 1호 (역삼동),식정,37.49595986376238,127.03093583712385
288,서울특별시 강남구 논현동 75번지 ,서울특별시 강남구 도산대로30길 39 지하1층 (논현동),피헨[PEAHEN],37.51741571926551,127.0278143530546
289,서울특별시 강남구 역삼동 642-1번지 역삼현대벤쳐텔 ,서울특별시 강남구 테헤란로25길 20 역삼현대벤쳐텔 지하1층 B102호 (역삼동),갓포돈,37.501637085755824,127.03274372258359
290,서울특별시 강남구 신사동 657-17 ,서울특별시 강남구 선릉로155길 26 지상3층 (신사동),구들,37.52577654509693,127.03469290570291
291,서울특별시 강남구 도곡동 414-6번지 ,서울특별시 강남구 논현로34길 20 1층 102호 (도곡동),수닭도리,37.484549504139814,127.04073985145035
292,서울특별시 강남구 신사동 657-41,서울특별시 강남구 선릉로155길 14 지하1층 104105호 (신사동),뉴아게,37.52554474311944,127.0357181138584
293,서울특별시 강남구 역삼동 813-3 ,서울특별시 강남구 봉은사로4길 32 지하1층 (역삼동),이썸,37.502779281299304,127.02376651342612
294,서울특별시 강남구 역삼동 700-14 ,서울특별시 강남구 언주로98길 12 지하1층 (역삼동),앨리스(Alice),37.50491683872574,127.03976839090194
295,서울특별시 강남구 역삼동 810-2번지 지상1층 ,서울특별시 강남구 봉은사로2길 15 (역삼동지상1층),까사생갈비,37.50362901290114,127.0230528506353
296,서울특별시 강남구 역삼동 817-34번지 지상3층 ,서울특별시 강남구 강남대로98길 14 (역삼동지상3층),가가린 철우 사주카페,37.5006978477683,127.02494963462205
297,서울특별시 강남구 역삼동 669-2번지 지상1층 ,서울특별시 강남구 논현로98길 12 지상1층 (역삼동),전봇대,37.50372235696447,127.03393412161319
298,서울특별시 강남구 역삼동 738-18 ,서울특별시 강남구 논현로85길 5-15 지상1층 (역삼동),센도수산,37.498363840675545,127.03387786459858
299,서울특별시 강남구 신사동 518-14 ,서울특별시 강남구 도산대로11길 31-8 지하1층 (신사동),유희,37.51937331340257,127.01887425609466
300,서울특별시 강남구 신사동 540-18번지 ,서울특별시 강남구 강남대로152길 69 지하 1층 (신사동),서울러,37.51912535336103,127.02185879925432
301,서울특별시 강남구 역삼동 747-14번지 ,서울특별시 강남구 논현로75길 7 지상1층 (역삼동),이도,37.496412779676845,127.03537292638272
302,서울특별시 강남구 삼성동 34-25번지 지상2층 ,서울특별시 강남구 선릉로 628 (삼성동지상2층),46 이너스 피자,37.512655580244456,127.04044205416088
303,서울특별시 강남구 논현동 158-36 ,서울특별시 강남구 학동로6길 55 1층 (논현동),논현오뎅,37.509101697586274,127.02407750608563
304,서울특별시 강남구 역삼동 817-34번지 지상3층 ,서울특별시 강남구 강남대로98길 14 (역삼동지상3층),가가린 철우 사주카페,37.5006978477683,127.02494963462205
305,서울특별시 강남구 신사동 559-10번지 ,서울특별시 강남구 도산대로23길 17 지하1층 (신사동),올데이피자(ALL DAY PIZZA),37.520151848119276,127.02307629378599
306,서울특별시 강남구 청담동 19-19번지 ,서울특별시 강남구 선릉로148길 52 지하1층 (청담동),로바타 라이브라,37.5228768610172,127.04087898223966
307,서울특별시 강남구 역삼동 818-1 ,서울특별시 강남구 강남대로96길 12 B동 1층 (역삼동),크래프트한스강남,37.499718081316495,127.02510165114262
308,서울특별시 강남구 신사동 662-16 ,서울특별시 강남구 선릉로161길 15-3 지상1층 102호 (신사동),센자이료쿠,37.52705555380068,127.0362527540152
309,서울특별시 강남구 삼성동 143-12번지 ,서울특별시 강남구 테헤란로77길 11-10 1층 (삼성동),애니홀,37.50707950640875,127.05072897370633
310,서울특별시 강남구 논현동 163-17 상당빌딩 ,서울특별시 강남구 강남대로122길 15 상당빌딩 지상2층 (논현동),이자카야 소영,37.508151383781495,127.02127296073003
311,서울특별시 강남구 대치동 924-8번지 지상1층지상2층 ,서울특별시 강남구 도곡로63길 20 지상1층지상2층 (대치동),아리노마마,37.49842091341293,127.05122663155865
312,서울특별시 강남구 역삼동 708-33 역삼동 벤처빌딩 ,서울특별시 강남구 테헤란로52길 21 역삼동 벤처빌딩 지하1층 B101호B102호 주방3호 (역삼동),그리야드,37.50292758019081,127.04565650331335
313,서울특별시 강남구 삼성동 157-17 ,서울특별시 강남구 테헤란로83길 13 (삼성동),월스트리트(Wall Street),37.50830243019733,127.05450634332657
314,서울특별시 강남구 신사동 508-7 지상1층,서울특별시 강남구 강남대로158길 19 (신사동지상1층),키보2,37.51922791090829,127.01749634691494
315,서울특별시 강남구 대치동 922-14번지 지상1층 ,서울특별시 강남구 선릉로66길 8 (대치동지상1층),철수네포장마차,37.49845026199209,127.04968762146794
316,서울특별시 강남구 신사동 512-18 ,서울특별시 강남구 강남대로152길 13 지상1층 (신사동),신사숙녀,37.517405849983305,127.01761048264335
317,서울특별시 강남구 논현동 145-12번지 ,서울특별시 강남구 강남대로124길 23 지상1층 102103호 (논현동),장생건강원,37.509377367535585,127.02163100074486
318,서울특별시 강남구 논현동 163-0번지 지상2층 ,서울특별시 강남구 강남대로124길 10 (논현동지상2층),이층집 닭도리탕,37.5088540189438,127.02058835586293
319,서울특별시 강남구 삼성동 140-19 ,서울특별시 강남구 선릉로100길 32 1층 101호 (삼성동),엠티니스,37.50663659104806,127.04687955621618
320,서울특별시 강남구 신사동 540번지 ,서울특별시 강남구 도산대로15길 18 지하 2층 (신사동),빌라레코드,37.51950204676464,127.02117228561609
321,서울특별시 강남구 도곡동 419-0 ,서울특별시 강남구 남부순환로378길 8 (도곡동),하루,37.48573799437093,127.04268775163395
322,서울특별시 강남구 대치동 897-5,서울특별시 강남구 선릉로86길 6-6 지상1층 (대치동),서울삼겹,37.5027490298789,127.04753034196209
323,서울특별시 강남구 신사동 536-1번지 지상5층 ,서울특별시 강남구 도산대로11길 22 (신사동지상5층),모르나,37.51887745593814,127.01977816257126
324,서울특별시 강남구 대치동 942-17번지 ,서울특별시 강남구 테헤란로84길 18 (대치동),제이제이비어,37.505980521657214,127.05568062081825
325,서울특별시 강남구 대치동 894번지 ,서울특별시 강남구 삼성로85길 33 지상2층 202호 (대치동),밤장어,37.50430182916755,127.05191894112289
326,서울특별시 강남구 역삼동 639 역삼힐스,서울특별시 강남구 논현로97길 23 102동 지상1층 101호 (역삼동 역삼힐스),배드라핀,37.502787647587574,127.0309676866174
327,서울특별시 강남구 신사동 528-4번지 지상1층중층 ,서울특별시 강남구 압구정로 110 (신사동지상1층중층),개미집,37.5229667043332,127.0180580239464
328,서울특별시 강남구 역삼동 690-11번지 ,서울특별시 강남구 봉은사로44길 61 1층 (역삼동),연 YEON,37.50577949895348,127.03951204379841
329,서울특별시 강남구 논현동 164 영동빌딩 ,서울특별시 강남구 강남대로 520 영동빌딩 지상1층 106108호 (논현동),우기식당 육지2호점,37.50864271518787,127.02009848426029
330,서울특별시 강남구 신사동 525-13 지상1층101102호 ,서울특별시 강남구 압구정로4길 13-13 (신사동지상1층101102호),르포트 13,37.52234623586576,127.01825888610826
331,서울특별시 강남구 청담동 95-15번지 지상2층 ,서울특별시 강남구 압구정로72길 22 지상2층 (청담동),볼트스테이크하우스(Vault steak house),37.525020451884515,127.04208265964107
332,서울특별시 강남구 청담동 128-3번지 ,서울특별시 강남구 도산대로101길 28 지하1층 (청담동),노마드,37.52655125030613,127.05055868601694
333,서울특별시 강남구 청담동 91-3 지상1층 ,서울특별시 강남구 선릉로152길 30 지상1층 (청담동),벨뷰,37.52418902881464,127.03903274972163
334,서울특별시 강남구 신사동 578-1번지 ,서울특별시 강남구 논현로175길 11 지상1층 (신사동),컴스고스(comesgoes),37.52593858469846,127.0246969578228
335,서울특별시 강남구 역삼동 636-16 ,서울특별시 강남구 강남대로94길 57 지하1층 (역삼동),하이푸드,37.500614868521254,127.02899039630725
336,서울특별시 강남구 역삼동 700-14 ,서울특별시 강남구 언주로98길 12 지하1층 (역삼동),앨리스(Alice),37.50491683872574,127.03976839090194
337,서울특별시 강남구 청담동 89-5 지하1층 ,서울특별시 강남구 도산대로57길 18 지하1층 (청담동),겟올라잇,37.52473228441362,127.03871340965571
338,서울특별시 강남구 청담동 125-16 용강빌딩 ,서울특별시 강남구 도산대로 535 지상4층 (청담동),버틀러,37.525148128257925,127.04910032554496
339,서울특별시 강남구 역삼동 813-3 ,서울특별시 강남구 봉은사로4길 32 지하1층 (역삼동),이썸,37.502779281299304,127.02376651342612
340,서울특별시 강남구 신사동 657-36 ,서울특별시 강남구 선릉로157길 13 지하1층 (신사동),오르빗,37.52591025998791,127.03584569594724
341,서울특별시 강남구 역삼동 817-34번지 지상3층 ,서울특별시 강남구 강남대로98길 14 (역삼동지상3층),가가린 철우 사주카페,37.5006978477683,127.02494963462205
342,서울특별시 강남구 역삼동 817-34번지 지상3층 ,서울특별시 강남구 강남대로98길 14 (역삼동지상3층),가가린 철우 사주카페,37.5006978477683,127.02494963462205
343,서울특별시 강남구 역삼동 828-28 역삼동 EG SoulLeader ,서울특별시 강남구 테헤란로14길 34 지상1층 상가103호상가104호 (역삼동 역삼동 EG SoulLeader),에이치(H),37.49720226287062,127.03073600361226
344,서울특별시 강남구 청담동 88-29 ,서울특별시 강남구 도산대로57길 13-4 2층 (청담동),레솔베르청담점,37.52468924964828,127.03809702779458
345,서울특별시 강남구 청담동 95-15번지 지하1층지상1층 ,서울특별시 강남구 압구정로72길 22 지하1 지상1층 (청담동),볼트82(Vault82),37.525020451884515,127.04208265964107
346,서울특별시 강남구 신사동 518-8 ,서울특별시 강남구 강남대로158길 46 지상1층 101호 (신사동),투헌드레드,37.51992038505969,127.0192769426666
347,서울특별시 강남구 개포동 171-0번지 지상1층 ,서울특별시 강남구 선릉로16길 6 지상1층 (개포동),어시장,37.483824036109034,127.05721649158521
348,서울특별시 강남구 신사동 576-3번지 지하1층 ,서울특별시 강남구 압구정로28길 22-9 (신사동지하1층),피터폴앤드메리,37.52503730505994,127.02388888153395
349,서울특별시 강남구 역삼동 818-10 역삼동빌딩 ,서울특별시 강남구 강남대로94길 19 역삼동빌딩 지상1층 (역삼동),보배반점 강남직영점,37.49968668344808,127.0258737770828
350,서울특별시 강남구 신사동 665-8,서울특별시 강남구 선릉로153길 8 지하1층 (신사동),내외 압구정본점,37.524969277215696,127.03596847855549
351,서울특별시 강남구 역삼동 790-9 ,서울특별시 강남구 논현로 337 지하1층 B102호 (역삼동),디너플렉스,37.49523367428119,127.0363081728354
352,서울특별시 강남구 역삼동 816-4번지 재영빌딩 지상5층 ,서울특별시 강남구 강남대로96길 5 (역삼동재영빌딩 지상5층),어글리,37.499828906334905,127.02456384615463
353,서울특별시 강남구 역삼동 735-37 삼정빌딩 지하1층,서울특별시 강남구 테헤란로20길 20 (역삼동삼정빌딩 지하1층),아레나(ARENA),37.498340097426045,127.03162622131603
354,서울특별시 강남구 역삼동 823-9번지 지하1층 ,서울특별시 강남구 테헤란로8길 11-8 (역삼동지하1층),비틀즈,37.49812107330813,127.02930017030246
355,서울특별시 강남구 청담동 57번지 지하1층 ,서울특별시 강남구 도산대로98길 11 지하1층 (청담동),재즈잇업,37.523766512828864,127.0485130600629
356,서울특별시 강남구 도곡동 458-10 ,서울특별시 강남구 남부순환로378길 34-10 지상1층 (도곡동),더 쿤스트,37.483982136858245,127.0433145057922
357,서울특별시 강남구 역삼동 827-67번지 ,서울특별시 강남구 테헤란로8길 46 (역삼동),프리버드이(2),37.49586211281305,127.02933691870454
358,서울특별시 강남구 신사동 541-14번지 202호,서울특별시 강남구 도산대로13길 14-4 202호 (신사동),라멘모토,37.5188780753455,127.02071604447133
359,서울특별시 강남구 신사동 665-1번지 ,서울특별시 강남구 선릉로 823 지하2층 (신사동),한양푸드,37.525609290296906,127.03640070642491
360,서울특별시 강남구 대치동 999-2,서울특별시 강남구 테헤란로114길 20 지상2층 201~202호 (대치동),파크하얏트서울 오프사이트 이벤트,37.508339100464525,127.06382019331357
361,서울특별시 강남구 신사동 546-20번지 2층 ,서울특별시 강남구 압구정로14길 32 (신사동 2층),페타테,37.52227487391676,127.02039973997869
362,서울특별시 강남구 논현동 145-1 ,서울특별시 강남구 학동로4길 33 지상1층 4호 (논현동),세이브포인트,37.50935854346188,127.02101425773986
363,서울특별시 강남구 신사동 546-3번지 ,서울특별시 강남구 압구정로12길 27 (신사동),판도라,37.52214629676023,127.02005826160328
364,서울특별시 강남구 신사동 651-4 ,서울특별시 강남구 도산대로45길 10-4 지하1층 (신사동),문리버클래식바,37.52313039424142,127.03328079061086
365,서울특별시 강남구 신사동 651-8 하늬솔빌딩,서울특별시 강남구 도산대로45길 10-8 하늬솔빌딩 지하1층 (신사동),욜라운지,37.52323703154651,127.033650331549
366,서울특별시 강남구 신사동 594-13,서울특별시 강남구 도산대로37길 21 1층 (신사동),캐비스트리,37.52248654968298,127.02828195338641
367,서울특별시 강남구 논현동 209-5 ,서울특별시 강남구 학동로38길 6 (논현동),마마,37.51455751872475,127.03141301957974
368,서울특별시 강남구 역삼동 825-24 ,서울특별시 강남구 강남대로84길 15 2층 209호 (역삼동),위스키 바움,37.49702708753827,127.02687900251077
369,서울특별시 강남구 청담동 18-2,서울특별시 강남구 선릉로148길 52-5 지하1층 (청담동),보이드,37.52268192674757,127.04111856960671
370,서울특별시 강남구 역삼동 817-34번지 지상3층 ,서울특별시 강남구 강남대로98길 14 (역삼동지상3층),가가린 철우 사주카페,37.5006978477683,127.02494963462205
371,서울특별시 강남구 역삼동 817-34번지 지상3층 ,서울특별시 강남구 강남대로98길 14 (역삼동지상3층),가가린 철우 사주카페,37.5006978477683,127.02494963462205
372,서울특별시 강남구 역삼동 837-13번지 ,서울특별시 강남구 강남대로66길 14 지상1층 104호 (역삼동),더위스키( the whisky ),37.49172817305764,127.02894978660633
373,서울특별시 강남구 신사동 666-25번지 지하1층 ,서울특별시 강남구 도산대로53길 14 (신사동지하1층),전자신발,37.524047317972816,127.03566783625925
374,서울특별시 강남구 논현동 33 ,서울특별시 강남구 도산대로26길 23 지하1층  B01호 (논현동),더33,37.517651007881504,127.02532423216657
375,서울특별시 강남구 도곡동 411 빌딩 숨,서울특별시 강남구 논현로 176 빌딩 숨 지상1층 (도곡동),뮤잇,37.485259852437224,127.03884958757945
376,서울특별시 강남구 대치동 896-9번지 지하1층 ,서울특별시 강남구 선릉로86길 28 지하1층 (대치동),녹스(NOX),37.50358312812103,127.0491720385396
377,서울특별시 강남구 역삼동 790-10 청연빌딩,서울특별시 강남구 논현로71길 6 청연빌딩 지상1층 (역삼동),마론,37.49516473004541,127.03608073148621
378,서울특별시 강남구 역삼동 817-34번지 지상3층 ,서울특별시 강남구 강남대로98길 14 (역삼동지상3층),가가린 철우 사주카페,37.5006978477683,127.02494963462205
379,서울특별시 강남구 삼성동 152-55 2층 ,서울특별시 강남구 삼성로104길 18 (삼성동2층),신라양꼬치,37.51100789879491,127.05336473657576
380,서울특별시 강남구 역삼동 707-34 한신인터밸리24빌딩,서울특별시 강남구 테헤란로 322 한신인터밸리24빌딩 지하2층 B104호 (역삼동),오늘도 빙수 강남점,37.50297357425572,127.04364230868988
381,서울특별시 강남구 삼성동 153-28번지 지상2층 ,서울특별시 강남구 삼성로104길 28 지상2층 (삼성동),도쿄째즈,37.511234823344836,127.05407873911676
382,서울특별시 강남구 논현동 60-8번지 ,서울특별시 강남구 도산대로 216 지상1 2층 (논현동),씬(ssiin),37.5200182223639,127.02759115032306
383,서울특별시 강남구 신사동 638-2 ,서울특별시 강남구 압구정로 306 지하1층 6호 (신사동),쎄쎄쎄푸드빌리지,37.528840270161126,127.03176366779576
384,서울특별시 강남구 청담동 134-20 청담 삼익상가 ,서울특별시 강남구 학동로101길 26 청담 삼익상가 지상1층 163호 (청담동),몰트앤캐스트 molt and cast,37.52230499240762,127.05484588873449
385,서울특별시 강남구 역삼동 793-43번지 ,서울특별시 강남구 도곡로13길 8 1층 103호 (역삼동),지코바,37.491797314935944,127.03372377746614
386,서울특별시 강남구 삼성동 159-7번지 현대백화점 ,서울특별시 강남구 테헤란로 517 현대백화점 지하1층 (삼성동),번패티번 현대백화점 무역센터점,37.50859528275294,127.05682846169978
387,서울특별시 강남구 역삼동 677-5 남전타운 ,서울특별시 강남구 언주로93길 21 남전타운 지하1층 (역삼동),르네상스 티파니,37.503335693639464,127.03743525581422
388,서울특별시 강남구 삼성동 156-6번지 1층 ,서울특별시 강남구 삼성로96길 3 1층 (삼성동),문배동육칼(삼성점),37.50876441924232,127.05325045570541
389,서울특별시 강남구 역삼동 817-34번지 지상3층 ,서울특별시 강남구 강남대로98길 14 (역삼동지상3층),가가린 철우 사주카페,37.5006978477683,127.02494963462205
390,서울특별시 강남구 역삼동 817-21 일우빌딩지상6층 ,서울특별시 강남구 강남대로96길 17 (역삼동일우빌딩지상6층),클럽맘보,37.50013924940319,127.02550938810629
391,서울특별시 강남구 논현동 22-0번지 논현(아)201동지하1층10호 ,서울특별시 강남구 강남대로146길 28 (논현동논현(아)201동지하1층10호),심플,37.5147157194158,127.01977863607529
392,서울특별시 강남구 역삼동 699-14 ,서울특별시 강남구 언주로98길 15 지상1층 (역삼동),메이크 샐러드 선릉점,37.505041922290715,127.04024220298292
393,서울특별시 강남구 역삼동 827-69번지 ,서울특별시 강남구 강남대로78길 33 지하1층 (역삼동),세븐,37.49565371690519,127.02909741924408
394,서울특별시 강남구 역삼동 641-15 상준빌딩 ,서울특별시 강남구 테헤란로25길 26 지상1층 (역삼동 상준빌딩),수에뉴(sueno),37.50227191873814,127.03258945181074
395,서울특별시 강남구 청담동 100-16 명성빌딩,서울특별시 강남구 압구정로73길 5 명성빌딩 지하1층 (청담동),아우라,37.52666734271489,127.04333688441643
396,서울특별시 강남구 삼성동 169-6번지 라스칼라 ,서울특별시 강남구 테헤란로103길 10 12층 (삼성동),더킹브로잉컴퍼니,37.510206519469484,127.06152257192885
397,서울특별시 강남구 역삼동 817-18 ,서울특별시 강남구 강남대로96길 15 지하1층 (역삼동),하이퍼,37.50009084320245,127.02535073425399
398,서울특별시 강남구 역삼동 817-18 ,서울특별시 강남구 강남대로96길 15 지하1층 (역삼동),하이퍼,37.50009084320245,127.02535073425399
399,서울특별시 강남구 역삼동 635-13 ,서울특별시 강남구 강남대로94길 27 지상2층 201호 (역삼동),마유유 강남역점,37.49987894322079,127.02656367107195
400,서울특별시 강남구 신사동 576-3번지 지하1층 ,서울특별시 강남구 압구정로28길 22-9 (신사동지하1층),피터폴앤드메리,37.52503730505994,127.02388888153395
401,서울특별시 강남구 논현동 209-3번지 ,서울특별시 강남구 학동로 228 (논현동),클럽하우스,37.514668971373055,127.03113161804971
402,서울특별시 강남구 역삼동 708-1번지 ,서울특별시 강남구 테헤란로 328 지하1층 101호102호 (역삼동 동우빌딩),토종시골집,37.503758634700276,127.04474714761446
403,서울특별시 강남구 삼성동 77-28 ,서울특별시 강남구 영동대로115길 15 지상1 2층 (삼성동),헤븐몰,37.51447195170314,127.055795901965
404,서울특별시 강남구 신사동 551-35 ,서울특별시 강남구 논현로161길 49 지하1층 B01호 (신사동),코모루,37.522554757887605,127.02147464565809
405,서울특별시 강남구 논현동 63-9번지 ,서울특별시 강남구 언주로149길 5-3 (논현동),요기당,37.52034039257797,127.03089238597515
406,서울특별시 강남구 신사동 661-12번지 지하1층 ,서울특별시 강남구 압구정로50길 5-10 (신사동지하1층),노른자,37.527639699267375,127.03618453448807
407,서울특별시 강남구 역삼동 751-17,서울특별시 강남구 역삼로 137 지상3층 301호 (역삼동),금선,37.49456352461843,127.03158464789969
408,서울특별시 강남구 역삼동 817-34번지 지상3층 ,서울특별시 강남구 강남대로98길 14 (역삼동지상3층),가가린 철우 사주카페,37.5006978477683,127.02494963462205
409,서울특별시 강남구 신사동 524-22번지 ,서울특별시 강남구 압구정로4길 13-12 1층 (신사동),뮬라,37.52200308504163,127.01843959554428
410,서울특별시 강남구 개포동 186-12번지 지상1층 ,서울특별시 강남구 개포로82길 7 지상1층 2호 (개포동),뻑꺼구이촌,37.48877692629937,127.06443429311398
411,서울특별시 강남구 역삼동 747-10번지 ,서울특별시 강남구 논현로75길 13 (역삼동),닭갈비두목,37.49624030986904,127.03484064374011
412,서울특별시 강남구 논현동 242-14 GOOD ,서울특별시 강남구 선릉로127길 10 GOOD 지하1층 (논현동),지안정,37.51560519268086,127.03796260426948
413,서울특별시 강남구 역삼동 825-24 ,서울특별시 강남구 강남대로84길 15 지하1층 B126호 (역삼동),박과장 떡볶이,37.49702708753827,127.02687900251077
414,서울특별시 강남구 논현동 242-22 미림빌딩 ,서울특별시 강남구 선릉로129길 9-7 미림빌딩 지상1층 (논현동),한사발포차,37.515814781885986,127.0381316546612
415,서울특별시 강남구 신사동 512-18 ,서울특별시 강남구 강남대로152길 13 지상1층 (신사동),신사숙녀,37.517405849983305,127.01761048264335
416,서울특별시 강남구 역삼동 669-2번지 지상1층 ,서울특별시 강남구 논현로98길 12 지상1층 (역삼동),전봇대,37.50372235696447,127.03393412161319
417,서울특별시 강남구 논현동 163-12 환희빌딩,서울특별시 강남구 학동로2길 55 환희빌딩 지상1층 (논현동),계승집,37.508103569204195,127.0209343424741
418,서울특별시 강남구 논현동 182-28번지 지상1층 ,서울특별시 강남구 봉은사로1길 32 지상1층 (논현동),김봉남포차 영동시장점,37.506827072851536,127.02159205971178
419,서울특별시 강남구 역삼동 682-16번지 ,서울특별시 강남구 선릉로107길 4 1층 (역삼동),후웨이즈텐카민(Huis ten carmine),37.50924070366988,127.04091686558093
420,서울특별시 강남구 신사동 658 로데오현대상가 109호 ,서울특별시 강남구 압구정로50길 28 (신사동로데오현대상가 109호),밀크포차,37.52697752987765,127.03434788708894
421,서울특별시 강남구 역삼동 825-24번지 ,서울특별시 강남구 강남대로84길 15 지하1층 B128B129(1/2)호 (역삼동 강남역효성해링턴타워더퍼스트),빨봉분식,37.49702708753827,127.02687900251077
422,서울특별시 강남구 도곡동 942-9 ,서울특별시 강남구 강남대로58길 19 1층 (도곡동),고래똥,37.489686688648575,127.03078652447728
423,서울특별시 강남구 신사동 502-1 비율라빌딩 ,서울특별시 강남구 강남대로 628 비율라빌딩 지상2층 (신사동),무지개포차,37.517888580833045,127.01659871719515
424,서울특별시 강남구 논현동 233번지 ,서울특별시 강남구 논현로114길 14 1층 (논현동),돼지연구소(2호점),37.508682155955434,127.03170868797115
425,서울특별시 강남구 삼성동 40-9번지 ,서울특별시 강남구 선릉로112길 31 지상1층 101호 (삼성동),철수포차,37.51192807106935,127.0431305438409
426,서울특별시 강남구 대치동 66-0번지 ,서울특별시 강남구 영동대로 210 (대치동),욕지도횟집,37.498083095415595,127.06832922274525
427,서울특별시 강남구 역삼동 635-4번지 지상1층 ,서울특별시 강남구 테헤란로7길 22 (역삼동지상1층),얼큰이 찌게마을 역삼점,37.500466797180906,127.02796471609874
428,서울특별시 강남구 논현동 98-12 청호불교문화원 ,서울특별시 강남구 언주로148길 14 청호불교문화원 라동 1층 113호 (논현동),달잔,37.52040723263599,127.03320521852369
429,서울특별시 강남구 역삼동 740,서울특별시 강남구 테헤란로20길 25 지상2층 (역삼동),명성 양갈비전문점,37.4981498791968,127.0320405205769
430,서울특별시 강남구 신사동 648-9번지 산딸기빌딩 ,서울특별시 강남구 도산대로49길 17 산딸기빌딩 지상4층 (신사동),성지,37.524138061354755,127.03413155372735
431,서울특별시 강남구 대치동 507-1 풍림프라자 ,서울특별시 강남구 남부순환로 2942 풍림프라자 지하1층 149호 (대치동),압구정푸드,37.493582149971076,127.05950923520426
432,서울특별시 강남구 역삼동 741-11 ,서울특별시 강남구 논현로85길 47 (역삼동),2001강남메밀&돈까스,37.497984040991334,127.03150214311378
433,서울특별시 강남구 도곡동 418-10번지 지하1층 ,서울특별시 강남구 논현로38길 38-3 (도곡동지하1층),이모포차,37.48542068546714,127.04216955238165
434,서울특별시 강남구 삼성동 165-0번지 지하1층 ,서울특별시 강남구 영동대로106길 38 (삼성동지하1층),산적포차,37.51396796283039,127.06129907205101
435,서울특별시 강남구 역삼동 817-34번지 지상3층 ,서울특별시 강남구 강남대로98길 14 (역삼동지상3층),가가린 철우 사주카페,37.5006978477683,127.02494963462205
436,서울특별시 강남구 신사동 504-11,서울특별시 강남구 강남대로 652 지상1층 106호 (신사동),콜렉터 제로원,37.519457393849564,127.01622850396173
437,서울특별시 강남구 신사동 508-10번지 ,서울특별시 강남구 강남대로158길 13 지상1층 101호 (신사동),원조옛날순대전문점,37.51904777328727,127.01713586866643
438,서울특별시 강남구 일원동 681-7번지 ,서울특별시 강남구 일원로9길 17 지하1층 (일원동),또바기포차,37.48987737755217,127.08009198769562
439,서울특별시 강남구 논현동 112-14 ,서울특별시 강남구 선릉로131길 18 (논현동),머드내 갈비살,37.51761512842929,127.03661430145578
440,서울특별시 강남구 신사동 627-27번지 ,서울특별시 강남구 언주로153길 10-6 지상12층 (신사동),메이,37.52312158857208,127.02950773703937
441,서울특별시 강남구 신사동 657-4,서울특별시 강남구 선릉로157길 27-4 지상1층 (신사동),하얀상회,37.52611042069201,127.0343986618602
442,서울특별시 강남구 삼성동 106-8 제일빌딩 ,서울특별시 강남구 영동대로112길 9 제일빌딩 지상1층 5호 (삼성동),남도회집이어요,37.51521267469128,127.05806241887926
443,서울특별시 강남구 역삼동 825-24 ,서울특별시 강남구 강남대로84길 15 지하1층 B126호 (역삼동),박과장 떡볶이,37.49702708753827,127.02687900251077
444,서울특별시 강남구 논현동 234-2 ,서울특별시 강남구 논현로114길 10 102호 (논현동),신천할매 떡볶이,37.50855923917311,127.03132363471633
445,서울특별시 강남구 수서동 723-0번지 수서6단지(아)상가지하1층12호 ,서울특별시 강남구 광평로56길 11 (수서동수서6단지(아)상가지하1층12호),쎄바,37.48731256648323,127.1022560022046
446,서울특별시 강남구 대치동 922-23번지 ,서울특별시 강남구 선릉로64길 5 지하1층 (대치동),포차어게인,37.49790237244556,127.04976929311711
447,서울특별시 강남구 대치동 1019-12번지 ,서울특별시 강남구 삼성로 229 (대치동),방이샤브칼국수,37.49760192755009,127.05824475811532
448,서울특별시 강남구 논현동 113-20번지 지상1층 ,서울특별시 강남구 언주로134길 35 (논현동지상1층),꼼터,37.517314434772544,127.03549600790511
449,서울특별시 강남구 역삼동 628-11번지 ,서울특별시 강남구 논현로 535 1층 (역삼동),칠성집,37.50409341646641,127.03213495690947
450,서울특별시 강남구 역삼동 707-34 한신인터밸리24빌딩,서울특별시 강남구 테헤란로 322 한신인터밸리24빌딩 제지하2층 제비121호 (역삼동),삼탱이시래기밥,37.50297357425572,127.04364230868988
451,서울특별시 강남구 역삼동 825-20번지 강남역 센트럴 푸르지오 시티 ,서울특별시 강남구 테헤란로4길 6 강남역 센트럴 푸르지오 시티 지하2층 B209호 (역삼동),대사시미,37.49772599457762,127.02640702509804
452,서울특별시 강남구 논현동 182-28번지 지상1층 ,서울특별시 강남구 봉은사로1길 32 지상1층 (논현동),김봉남포차 영동시장점,37.506827072851536,127.02159205971178
453,서울특별시 강남구 역삼동 740,서울특별시 강남구 테헤란로20길 25 지상2층 (역삼동),명성 양갈비전문점,37.4981498791968,127.0320405205769
454,서울특별시 강남구 대치동 957-22번지 지하1층 ,서울특별시 강남구 삼성로82길 15 (대치동지하1층),성북동왕돈까스,37.50534606849618,127.05610306446144
455,서울특별시 강남구 신사동 539번지 ,서울특별시 강남구 도산대로15길 6 지상1층 (신사동),와라야키 쿠이신보,37.51860297131909,127.02124114644214
456,서울특별시 강남구 논현동 255-10번지 지상1층 ,서울특별시 강남구 봉은사로47길 60 지상1층 (논현동),하연 한정식,37.51365172774579,127.03715916929693
457,서울특별시 강남구 역삼동 738-17 ,서울특별시 강남구 논현로85길 5-13 2층 주방1호 (역삼동),여로집,37.498420831790924,127.03406983392611
458,서울특별시 강남구 역삼동 655-2 ,서울특별시 강남구 언주로107길 27 지하1층 (역삼동),제곱,37.50728386050657,127.03416720306541
459,서울특별시 강남구 신사동 660-8번지 (지하1층) ,서울특별시 강남구 압구정로 334 (신사동(지하1층)),잘아는밥집,37.528149410792345,127.03515882259731
460,서울특별시 강남구 개포동 1231-11번지 1층 101호,서울특별시 강남구 개포로22길 26 1층 101호 (개포동),생선구이 앤 오리로스 주물럭,37.4773189947028,127.04563334582681
461,서울특별시 강남구 논현동 187-4 지하1층 ,서울특별시 강남구 강남대로118길 62 (논현동지하1층),터치쿡이모야두마리찜닭달려라짬뽕,37.50712947811362,127.02494883108184
462,서울특별시 강남구 도곡동 957-11번지 극동스타클래스 ,서울특별시 강남구 남부순환로 2615 지상1층 109호110호 (도곡동 극동스타클래스),정금식당,37.48514455165228,127.0328669297959
463,서울특별시 강남구 역삼동 697-11번지 ,서울특별시 강남구 선릉로93길 18 (역삼동),후,37.50528251117736,127.0439190536531
464,서울특별시 강남구 논현동 182-28번지 지상1층 ,서울특별시 강남구 봉은사로1길 32 지상1층 (논현동),김봉남포차 영동시장점,37.506827072851536,127.02159205971178
465,서울특별시 강남구 대치동 901-72,서울특별시 강남구 삼성로75길 26-8 지상1층 (대치동),고래향,37.503594111279064,127.05298313775664
466,서울특별시 강남구 역삼동 834-27 성욱빌딩,서울특별시 강남구 역삼로8길 21 성욱빌딩 지상1층 103호 (역삼동),삼진어묵당 역삼본점,37.49278927169966,127.0313960641161
467,서울특별시 강남구 역삼동 655-4,서울특별시 강남구 언주로107길 25 지하1층 (역삼동),나르샤,37.50735520823759,127.03435096184784
468,서울특별시 강남구 삼성동 162-1번지 1층 ,서울특별시 강남구 봉은사로 626 1층 (삼성동),삼정,37.51460146156299,127.06102671876933
469,서울특별시 강남구 일원동 644-11번지 ,서울특별시 강남구 양재대로55길 5 (일원동),포차친구,37.49124760312909,127.08491585431177
470,서울특별시 강남구 역삼동 810-3번지 지하1층 ,서울특별시 강남구 봉은사로2길 17 (역삼동지하1층),감성캠핑맥주,37.503522863271286,127.02311102328255
471,서울특별시 강남구 일원동 663-4번지 지상1층 ,서울특별시 강남구 일원로3길 48 지상1층 (일원동),김준석꼬치,37.49227462114241,127.08096545499995
472,서울특별시 강남구 삼성동 151-23 지상1층 ,서울특별시 강남구 삼성로104길 8 (삼성동지상1층),신사골감자탕 삼성점,37.51068759597538,127.05244153799622
473,서울특별시 강남구 논현동 165-17 ,서울특별시 강남구 봉은사로1길 39 1층 101102호 (논현동),유로포차,37.507247144317894,127.02104206159594
474,서울특별시 강남구 논현동 184-29,서울특별시 강남구 봉은사로1길 18 지상2층 (논현동),브이로그,37.50601144119991,127.02193161437847
475,서울특별시 강남구 도곡동 416-1 ,서울특별시 강남구 논현로38길 26 (도곡동),오늘와인한잔 매봉역점,37.48527948577298,127.04080661199802
476,서울특별시 강남구 역삼동 810-3번지 지하1층 ,서울특별시 강남구 봉은사로2길 17 (역삼동지하1층),감성캠핑맥주,37.503522863271286,127.02311102328255
477,서울특별시 강남구 역삼동 683-36번지 지상2층 ,서울특별시 강남구 선릉로 551 (역삼동지상2층),감자바우,37.50782321379087,127.04250596036009
478,서울특별시 강남구 대치동 890-38번지 ,서울특별시 강남구 테헤란로70길 16 지상1층 B-2호 (대치동),소노식당,37.5043913452384,127.05045863772787
479,서울특별시 강남구 역삼동 817-34번지 지상3층 ,서울특별시 강남구 강남대로98길 14 (역삼동지상3층),가가린 철우 사주카페,37.5006978477683,127.02494963462205
480,서울특별시 강남구 역삼동 817-21 지상1층 ,서울특별시 강남구 강남대로96길 17 (역삼동지상1층),용용선생 강남역점,37.50013924940319,127.02550938810629
481,서울특별시 강남구 역삼동 722 경남아파트 ,서울특별시 강남구 언주로85길 13 상가동 지상1층 113호 (역삼동 경남아파트),부엉이제면소,37.50057155707549,127.03942099541638
482,서울특별시 강남구 신사동 652-5,서울특별시 강남구 도산대로49길 6-5 지상1층 (신사동),다이브에스프레소클럽,37.52344785901828,127.03477767648553
483,서울특별시 강남구 역삼동 832-33번지 성우스타우스오피스텔 ,서울특별시 강남구 역삼로4길 16 성우스타우스오피스텔 지하1층 B06호 (역삼동),김충기 꽃삼겹,37.492409017716554,127.02913357378822
484,서울특별시 강남구 역삼동 776-18번지 지상1층104호 ,서울특별시 강남구 논현로68길 4 (역삼동지상1층104호),코페아,37.4944612546207,127.03748745704962
485,서울특별시 강남구 논현동 165-16 호서빌딩 ,서울특별시 강남구 봉은사로1길 37 호서빌딩 2층 (논현동),엔틱정 강남논현점,37.507134034462005,127.02109640826073
486,서울특별시 강남구 대치동 896-43 ,서울특별시 강남구 선릉로86길 44 지상1층2층 (대치동),용용선생 선릉점,37.50397781385124,127.05038744261809
487,서울특별시 강남구 신사동 536번지 ,서울특별시 강남구 강남대로156길 46 지상23층 (신사동),회장님댁(신사점),37.51901710617331,127.01971553834427
488,서울특별시 강남구 삼성동 49-11 세창빌딩 ,서울특별시 강남구 봉은사로 467 세창빌딩 지상1층 (삼성동),앙마꼬치,37.512551891894326,127.04773428957365
489,서울특별시 강남구 신사동 663-2 ,서울특별시 강남구 압구정로50길 25 지상1층 (신사동),동굴,37.52660575207443,127.0350659252865
490,서울특별시 강남구 역삼동 735-17번지 ,서울특별시 강남구 논현로85길 52 2층 205-1호 (역삼동 역삼푸르지오시티),스시산원(청),37.49817676072366,127.03075343575831
491,서울특별시 강남구 신사동 541-17 ,서울특별시 강남구 가로수길 10 지상2층 (신사동),막이오름 가로수길점,37.51858235682996,127.02055139620575
492,서울특별시 강남구 역삼동 809-2 ,서울특별시 강남구 봉은사로2길 10 지하1층 (역삼동),오술차 강남역점,37.5039547326213,127.02260043784295
493,서울특별시 강남구 일원동 663-4번지 지상1층 ,서울특별시 강남구 일원로3길 48 지상1층 (일원동),김준석꼬치,37.49227462114241,127.08096545499995
494,서울특별시 강남구 청담동 118-7 플럭서스 빌딩 ,서울특별시 강남구 압구정로 455 플럭서스 빌딩 지상6층 (청담동),명월당,37.52583133874559,127.04403088649732
495,서울특별시 강남구 신사동 642-18,서울특별시 강남구 압구정로48길 36-2 지상1층2층 (신사동),난동,37.52620392123874,127.03376897249152
496,서울특별시 강남구 대치동 897-13 ,서울특별시 강남구 선릉로86길 10 지상2층 (대치동),연더그레이,37.50306011454907,127.04779369262806
497,서울특별시 강남구 신사동 616-2 우미빌딩 ,서울특별시 강남구 압구정로 224 우미빌딩 지상1층 112호 113호 115호 (신사동),원주추어탕,37.528536730106374,127.02926932316134
498,서울특별시 강남구 논현동 182-24 석광빌딩,서울특별시 강남구 강남대로118길 21 석광빌딩 지상2층 (논현동),판판서양주점,37.50694751424996,127.02217967173364
499,서울특별시 강남구 논현동 163-17 상당빌딩,서울특별시 강남구 강남대로122길 15 상당빌딩 지상1층 101호 (논현동),우슴,37.508151383781495,127.02127296073003
500,서울특별시 강남구 역삼동 699-8번지 ,서울특별시 강남구 언주로98길 11 지상1층 (역삼동),접객,37.505103273086846,127.03990823850181
501,서울특별시 강남구 신사동 662-15,서울특별시 강남구 선릉로161길 15 1층 (신사동),와일드버팔로,37.5272183549764,127.03631062586095
502,서울특별시 강남구 대치동 936-31 ,서울특별시 강남구 선릉로 310 (대치동),전가 BY 서초집,37.4974202348168,127.05007739634816
503,서울특별시 강남구 세곡동 615 드림하이 오피스텔,서울특별시 강남구 헌릉로569길 21-30 드림하이 오피스텔 지상1층 107호108호 (세곡동),나와,37.46634426594281,127.09770073897494
504,서울특별시 강남구 대치동 945-22번지 ,서울특별시 강남구 영동대로85길 20-5 (대치동),봉남이네,37.50727620509809,127.05881589601178
505,서울특별시 강남구 신사동 666-20 지상1층101호 ,서울특별시 강남구 도산대로53길 10 (신사동지상1층101호),모시모시,37.523754780263616,127.03558133462468
506,서울특별시 강남구 논현동 163-2번지 1층 ,서울특별시 강남구 강남대로124길 12 1층 (논현동),대동집 서울논현점,37.50885381711616,127.02073329156603
507,서울특별시 강남구 도곡동 517-5번지 1층 ,서울특별시 강남구 논현로30길 32 (도곡동1층),국빈,37.484330391797855,127.04161960202089
508,서울특별시 강남구 논현동 118-21번지 ,서울특별시 강남구 학동로53길 3-10 지상2층 (논현동),루이스카페,37.51713944756076,127.03662552337121
509,서울특별시 강남구 신사동 534-22,서울특별시 강남구 강남대로160길 49 지상2층 (신사동),신사몽,37.52068148814021,127.0197225835332
510,서울특별시 강남구 신사동 649-7번지 아크로스 빌딩 ,서울특별시 강남구 언주로164길 24 아크로스 빌딩 지상5층 (신사동),임프레션,37.52536280147921,127.03259771833075
511,서울특별시 강남구 삼성동 154번지 ,서울특별시 강남구 테헤란로83길 36 지상1층 (삼성동),라이언위스키,37.50977803523593,127.05408112245468
512,서울특별시 강남구 신사동 664-8 삼희빌딩 ,서울특별시 강남구 선릉로 837 삼희빌딩 지하1층 (신사동),베이스먼트원,37.526864337776246,127.03717126965505
513,서울특별시 강남구 역삼동 837-18 서희스타힐스오피스텔 ,서울특별시 강남구 도곡로3길 19 서희스타힐스오피스텔 지상1층 108호 (역삼동),블리스 버거 뱅뱅사거리점,inf,inf
514,서울특별시 강남구 논현동 6 보코서울강남(가족호텔) ,서울특별시 강남구 도산대로 144 보코서울강남(가족호텔) 지하12층 (논현동),용창산업(주) 보코서울강남,37.517673149884466,127.02174797448615
515,서울특별시 강남구 논현동 164 ,서울특별시 강남구 강남대로 520 지상1층 105호 (논현동),노가리슈퍼,37.50864271518787,127.02009848426029
516,서울특별시 강남구 논현동 114-13번지 ,서울특별시 강남구 학동로41길 14 (논현동),안방,37.51695334741886,127.03347060172419
517,서울특별시 강남구 삼성동 154번지 ,서울특별시 강남구 테헤란로83길 36 지상1층 (삼성동),라이언위스키,37.50977803523593,127.05408112245468
518,서울특별시 강남구 청담동 93-13 EMPRESS빌딩,서울특별시 강남구 도산대로67길 13-3 EMPRESS빌딩 지하1층 (청담동),먼데이투선데이,37.52480951787223,127.04124272395268
519,서울특별시 강남구 대치동 945-16번지 지하1층 ,서울특별시 강남구 영동대로85길 18 (대치동지하1층),한울타리,37.50716910523158,127.05932147451131
520,서울특별시 강남구 역삼동 817-34번지 지상3층 ,서울특별시 강남구 강남대로98길 14 (역삼동지상3층),가가린 철우 사주카페,37.5006978477683,127.02494963462205
521,서울특별시 강남구 역삼동 669-9 ,서울특별시 강남구 봉은사로30길 73 지상2층 6호 (역삼동),쏘딜리셔스 키친,37.50292140827943,127.03422240556303
522,서울특별시 강남구 대치동 901-23 ,서울특별시 강남구 삼성로81길 43 지상2층 3호 (대치동),실하다 푸드 Lab 대치,37.503574322196144,127.05139033687558
523,서울특별시 강남구 논현동 241-16 지상1층,서울특별시 강남구 학동로50길 7 (논현동지상1층),본스치킨,37.51625787213105,127.03717134427873
524,서울특별시 강남구 신사동 519-13번지 ,서울특별시 강남구 강남대로160길 42 3층 (신사동),시그니처,37.52035033182627,127.0191854095418
525,서울특별시 강남구 신사동 561-8번지 ,서울특별시 강남구 도산대로17길 10 1층 (신사동),모던오뎅,37.51940665820525,127.02203907549068
526,서울특별시 강남구 대치동 896-47번지 지하1층 ,서울특별시 강남구 선릉로86길 44-5 (대치동지하1층),요리가 있는 술집,37.50374791543145,127.05074549781291
527,서울특별시 강남구 논현동 112-14번지 지상1층 ,서울특별시 강남구 선릉로131길 18 (논현동지상1층),풍산뜰,37.51761512842929,127.03661430145578
528,서울특별시 강남구 신사동 588-21 ,서울특별시 강남구 도산대로 217 13층 (신사동),뷰,37.52083764516955,127.02765824752773
529,서울특별시 강남구 논현동 225-6 논현 아이파크,서울특별시 강남구 언주로 615 논현 아이파크 103동 지하1층 B132호 (논현동),아프릴로,37.51054180877281,127.03305542061155
530,서울특별시 강남구 신사동 620-3 지상1층,서울특별시 강남구 압구정로36길 22 (신사동지상1층),웨스턴차이나,37.52714649909685,127.0285424688565
531,서울특별시 강남구 논현동 97-26 ,서울특별시 강남구 언주로150길 14 지하2층 1호 (논현동),리움,37.521015792394174,127.03261736937093
532,서울특별시 강남구 논현동 95-16번지 지하1층 ,서울특별시 강남구 도산대로50길 13 (논현동 지하1층),플라워,37.52160230711769,127.03480142050853
533,서울특별시 강남구 신사동 525-19번지 ,서울특별시 강남구 논현로175길 101 (신사동),챕터1(Chapter1),37.52268550717623,127.01828216859475
534,서울특별시 강남구 역삼동 752-53번지 지상1층 ,서울특별시 강남구 역삼로 129 지상1층 (역삼동),에키야(역삼점),37.49436988778745,127.03094982662637
535,서울특별시 강남구 신사동 656-1 ,서울특별시 강남구 선릉로155길 27 지상2층 (신사동),지세븐(G 7),37.52562968053562,127.03441648519218
536,서울특별시 강남구 논현동 268-10 ,서울특별시 강남구 봉은사로51길 20 지상1층 (논현동),티스파,37.51143672606239,127.03981129491378
537,서울특별시 강남구 신사동 655-6 ,서울특별시 강남구 도산대로53길 29 지하1층 (신사동),판,37.52514559051459,127.03579608676301
538,서울특별시 강남구 삼성동 144-14 채널리저브 ,서울특별시 강남구 삼성로 517 지상1층 104호 (삼성동 채널리저브),숫돌,37.508013943106604,127.0525055428897
539,서울특별시 강남구 도곡동 467-29번지 타워3차S동스포츠센타지상1층 ,서울특별시 강남구 언주로30길 26 지상1층 (도곡동 타워3차동스포츠센타),야마모도스시,37.48733627106368,127.04993964723722
540,서울특별시 강남구 삼성동 150-21번지 지상1층 ,서울특별시 강남구 삼성로104길 7 (삼성동지상1층),한탕,37.51090873419257,127.05232227015765
541,서울특별시 강남구 역삼동 826-37번지 쌍용플래티넘밸류 지하1층 125호 ,서울특별시 강남구 테헤란로4길 46 (역삼동쌍용플래티넘밸류 지하1층 125호),아트스시,37.4953998783353,127.02751578848203
542,서울특별시 강남구 역삼동 619-30 선영빌딩1층,서울특별시 강남구 봉은사로18길 90 (역삼동선영빌딩1층),한라맥주 강남점,37.50087167165875,127.0248134470504
543,서울특별시 강남구 역삼동 635-5 ,서울특별시 강남구 테헤란로5길 36 지하1층 (역삼동),엘라(ELAH),37.50085879198526,127.02616421774523
544,서울특별시 강남구 역삼동 817-15 지하1층 ,서울특별시 강남구 테헤란로1길 28-6 지하층 (역삼동),나즈드라비,37.50024652946484,127.02509463280747
545,서울특별시 강남구 논현동 230-18번지 ,서울특별시 강남구 언주로113길 16 (논현동),금보성,37.50932746176732,127.03309592485722
546,서울특별시 강남구 역삼동 818-1 ,서울특별시 강남구 강남대로96길 12 B동 1층 (역삼동),크래프트한스강남,37.499718081316495,127.02510165114262
547,서울특별시 강남구 신사동 544-22번지 ,서울특별시 강남구 도산대로17길 33 지상1층 (신사동),미켈러바코리아,37.52083640771605,127.02105442563006
548,서울특별시 강남구 삼성동 159 코엑스 ,서울특별시 강남구 영동대로 513 코엑스 지상1층 (삼성동),데블스도어 코엑스점,37.51252113667062,127.05592928352866
549,서울특별시 강남구 역삼동 637-29 ,서울특별시 강남구 테헤란로19길 21 지하1층 (역삼동),블루밍,37.501436151001364,127.03015394306568
550,서울특별시 강남구 신사동 514-4 ,서울특별시 강남구 강남대로152길 28 지하1층 (신사동),세로수맥주창고,37.517620778676715,127.01881856763175
551,서울특별시 강남구 대치동 896-34번지 ,서울특별시 강남구 선릉로86길 40 2층 (대치동),88노가리 선릉점,37.50386142819773,127.05003696379237
552,서울특별시 강남구 신사동 644-10번지 ,서울특별시 강남구 언주로168길 23 2층 (신사동),구월당,37.526246466506144,127.03261651140708
553,서울특별시 강남구 신사동 660-8 ,서울특별시 강남구 압구정로 334 지상1층 110호 (신사동),노가리슈퍼 압구정로데오점,37.528149410792345,127.03515882259731
554,서울특별시 강남구 삼성동 158-4번지 ,서울특별시 강남구 테헤란로83길 14 1층 106호 (삼성동 삼성역두산위브센티움),칼리가리박사의밀실 삼성,37.50847744483303,127.05499666915966
555,서울특별시 강남구 논현동 164-14 원창빌딩 ,서울특별시 강남구 학동로2길 56 원창빌딩 1층 103호 (논현동),오늘맥주한잔,37.50796575695693,127.02071951641787
556,서울특별시 강남구 자곡동 619,서울특별시 강남구 자곡로3길 21 상가3동 지2층 비207호 (자곡동 엘에이치강남힐스테이트),강남호프,37.47127955682768,127.08579761653903
557,서울특별시 강남구 신사동 660-8 ,서울특별시 강남구 압구정로 334 지상1층 110호 (신사동),노가리슈퍼 압구정로데오점,37.528149410792345,127.03515882259731
558,서울특별시 강남구 논현동 242-7번지 지상2층 ,서울특별시 강남구 선릉로129길 15 지상2층 (논현동),오비어,37.51599007338554,127.0374139885187
559,서울특별시 강남구 대치동 889-72 지하1층 ,서울특별시 강남구 선릉로86길 17 (대치동지하1층),펀앤드펍 & 스파게티스토리,37.50354214062305,127.04818360974524
560,서울특별시 강남구 논현동 143-9번지 지상1층 ,서울특별시 강남구 강남대로124길 3-9 지상1층 (논현동),비어라이제,37.509330401798884,127.0199322267438
561,서울특별시 강남구 도곡동 902-2 ,서울특별시 강남구 남부순환로363길 16 지상1층 108호 (도곡동),더펍사운드온 양재도곡점,37.48642689847104,127.03526413766015
562,서울특별시 강남구 청담동 68-15번지 ,서울특별시 강남구 학동로97길 36-4 1층 (청담동),더제이케이키친박스 청담점,37.52218847469623,127.05213629793147
563,서울특별시 강남구 신사동 657-32번지 ,서울특별시 강남구 도산대로51길 40 지상3층 302호 (신사동),겜지노,37.525749309802286,127.03540301122194
564,서울특별시 강남구 대치동 989-10번지 ,서울특별시 강남구 도곡로84길 6 2층 202호 (대치동),언플러그드,37.49894601658244,127.05961010940156
565,서울특별시 강남구 청담동 18-23번지 ,서울특별시 강남구 도산대로66길 13 지상1층 (청담동),오젠,37.52274012736149,127.04152754794636
566,서울특별시 강남구 논현동 193-9 ,서울특별시 강남구 봉은사로25길 15 지상1층 (논현동),한가김밥,37.508129984342496,127.02925912306307
567,서울특별시 강남구 논현동 183-2 ,서울특별시 강남구 강남대로118길 14 3층 (논현동),헌터스 홀덤펍 신논현,37.50645360901151,127.02188364427435
568,서울특별시 강남구 역삼동 696-2번지 지상1층 ,서울특별시 강남구 테헤란로53길 18 (역삼동지상1층),레드비틀,37.505632369318235,127.0438890906712
569,서울특별시 강남구 청담동 84-19 청담SM빌딩 ,서울특별시 강남구 선릉로160길 7 청담SM빌딩 지상2층 (청담동),시즈너 랩,37.52635831596742,127.03801996723894
570,서울특별시 강남구 역삼동 726-9번지 ,서울특별시 강남구 논현로80길 9 지하1층 (역삼동),언더씨유,37.498219309560234,127.03619638450357
571,서울특별시 강남구 논현동 242-7번지 지상2층 ,서울특별시 강남구 선릉로129길 15 지상2층 (논현동),오비어,37.51599007338554,127.0374139885187
572,서울특별시 강남구 삼성동 149-26번지 지상1층 ,서울특별시 강남구 삼성로104길 11 (삼성동지상1층),본투비,37.51104166023465,127.05271494272822
573,서울특별시 강남구 대치동 891-48번지 돌채타워지상2층 ,서울특별시 강남구 테헤란로78길 14-11 (대치동돌채타워지상2층),몰타참치,37.504971479221396,127.05179599182955
574,서울특별시 강남구 논현동 242-9번지 지하1층 ,서울특별시 강남구 선릉로129길 13 지하1층 (논현동),맥주창고플러스,37.51606960224105,127.03760917212384
575,서울특별시 강남구 도곡동 91-5번지 동관 제01호 ,서울특별시 강남구 남부순환로 2803 (도곡동동관 제01호),비어캐슬,37.489778683270785,127.04776061135867
576,서울특별시 강남구 논현동 118-4 ,서울특별시 강남구 선릉로131길 11 지상1층 101호 (논현동),해거름,37.51741688508866,127.03694867742611
577,서울특별시 강남구 논현동 144-0번지 신도빌딩 지상3층 ,서울특별시 강남구 강남대로128길 10 (논현동신도빌딩 지상3층),쭈꾸미 한상,37.5097948700119,127.02020736759384
578,서울특별시 강남구 신사동 664-8 삼희빌딩 ,서울특별시 강남구 선릉로 837 삼희빌딩 지하1층 (신사동),베이스먼트원,37.526864337776246,127.03717126965505
579,서울특별시 강남구 삼성동 158-7,서울특별시 강남구 삼성로92길 23 (삼성동),와바삼성1호점,37.508228899762884,127.05535895208214
580,서울특별시 강남구 삼성동 170-7,서울특별시 강남구 테헤란로107길 6 1층 (삼성동 두양빌딩),봉구비어 삼성동점,37.51027048023168,127.06273791417279
581,서울특별시 강남구 논현동 66-6,서울특별시 강남구 도산대로30길 16 지상1층 (논현동),키친드로우,37.51888364442655,127.0266572721265
582,서울특별시 강남구 논현동 161-7번지 ,서울특별시 강남구 강남대로124길 30 지상1층 104호 (논현동),영동주간,37.509229576489886,127.02203236339076
583,서울특별시 강남구 역삼동 837-7번지 ,서울특별시 강남구 강남대로62길 7 (역삼동),치어스(뱅뱅사거리점),37.490477645759746,127.02924141092794
584,서울특별시 강남구 개포동 186-8번지 지상1층105호 ,서울특별시 강남구 개포로82길 9-17 지상1층 105호 (개포동),노가리청춘,37.48905241741393,127.06558507248933
585,서울특별시 강남구 역삼동 839-4번지 지상1층 104호 ,서울특별시 강남구 강남대로62길 30 지상1층 104호 (역삼동),칸꼬시,37.49076331606223,127.03114637612043
586,서울특별시 강남구 논현동 88-4번지 ,서울특별시 강남구 논현로132길 24 (논현동),베이직피자,37.51515269656654,127.0294854517574
587,서울특별시 강남구 논현동 6-17 ES힐스,서울특별시 강남구 도산대로24길 4 지하1층 B101호 (논현동 ES힐스),겨울바다,37.518442187556175,127.02343232905561
588,서울특별시 강남구 대치동 894,서울특별시 강남구 삼성로85길 33 지상1층 103호 (대치동),선릉 주민센타,37.50430182916755,127.05191894112289
589,서울특별시 강남구 신사동 518-12번지 지상1층 ,서울특별시 강남구 도산대로11길 31-4 지상1층 (신사동),가로수 브루잉 컴퍼니,37.51953489121124,127.0190913045296
590,서울특별시 강남구 대치동 968-4번지 동원빌딩 ,서울특별시 강남구 영동대로 333 동원빌딩 지하1층 (대치동),아선재,37.50411743670484,127.06197108289642
591,서울특별시 강남구 신사동 589-21번지 지상12층 ,서울특별시 강남구 도산대로35길 16 지상12층 (신사동),589(오팔구),37.52178672218231,127.027720789113
592,서울특별시 강남구 역삼동 817-34번지 지상3층 ,서울특별시 강남구 강남대로98길 14 (역삼동지상3층),가가린 철우 사주카페,37.5006978477683,127.02494963462205
593,서울특별시 강남구 논현동 143-16번지 3층 ,서울특별시 강남구 강남대로124길 3-6 3층 (논현동),태권브이,37.50912218809976,127.02009878106698
594,서울특별시 강남구 역삼동 700-24번지 ,서울특별시 강남구 언주로94길 9-6 지상1층 (역삼동),별족발(STAR JOKBAL),37.504724281238424,127.04027438452394
595,서울특별시 강남구 도곡동 544-4번지 1층 ,서울특별시 강남구 도곡로 192 (도곡동1층),을지로골뱅이와진짜생맥주가만났을때,37.491918658778026,127.0374948839853
596,서울특별시 강남구 역삼동 790-8번지 ,서울특별시 강남구 논현로 339 (역삼동),월매네,37.49544988151572,127.0362692116845
597,서울특별시 강남구 논현동 198-10 ,서울특별시 강남구 강남대로114길 20 지하1층 1호 (논현동),드리밍컴퍼니,37.50594574536994,127.02298355723059
598,서울특별시 강남구 역삼동 738-10 청도 빌딩 ,서울특별시 강남구 논현로85길 5-3 청도 빌딩 지하1층 (역삼동),달빛칸타타,37.498982782952744,127.03421690361998
599,서울특별시 강남구 역삼동 705-15번지 ,서울특별시 강남구 선릉로93길 9 (역삼동),맥주여행,37.505214513723324,127.04475972830063
600,서울특별시 강남구 대치동 895번지 호성빌딩 ,서울특별시 강남구 삼성로85길 43 호성빌딩 2층 (대치동),에이치엘펍,37.50418019200302,127.0510159075998
601,서울특별시 강남구 신사동 655-3 ,서울특별시 강남구 선릉로155길 15 지하1층 (신사동),오벨하우스,37.52539318429117,127.03546986643376
602,서울특별시 강남구 역삼동 671-27번지 지상3층 ,서울특별시 강남구 테헤란로33길 19 지상3층 (역삼동),올드락,37.503148768146055,127.03604130494494
603,서울특별시 강남구 개포동 186-12번지 삼성빌딩지상1층104호 ,서울특별시 강남구 개포로82길 7 (개포동삼성빌딩지상1층104호),노박사골뱅이,37.48877692629937,127.06443429311398
604,서울특별시 강남구 일원동 666-10 ,서울특별시 강남구 일원로9길 46 지하1층 (일원동),시카고라운지 일원점,37.49030167094853,127.08235537801949
605,서울특별시 강남구 신사동 660-8번지 (지하1층) ,서울특별시 강남구 압구정로 334 (신사동(지하1층)),잘아는밥집,37.528149410792345,127.03515882259731
606,서울특별시 강남구 삼성동 151-29 지상1층 ,서울특별시 강남구 삼성로104길 10 (삼성동지상1층),비어팩토리,37.510746906627254,127.05261766681342
607,서울특별시 강남구 일원동 716번지 목련타운아파트 ,서울특별시 강남구 광평로19길 15 지상1층 112호 (일원동 목련타운아파트),브라운백,37.48485120598608,127.08238681626437
608,서울특별시 강남구 역삼동 789-1번지 1층 ,서울특별시 강남구 역삼로14길 3 1층 (역삼동),펍스토리(pub story),37.49433718910902,127.03254257374986
609,서울특별시 강남구 논현동 98-12 가동 지하1층 ,서울특별시 강남구 언주로148길 14 가동 지하1층 (논현동),노네임,37.52040723263599,127.03320521852369
610,서울특별시 강남구 논현동 237-5 1층5호,서울특별시 강남구 언주로 605 (논현동1층5호),피에라,37.50936992534252,127.03430811042186
611,서울특별시 강남구 삼성동 53 성일빌딩 ,서울특별시 강남구 학동로 506 성일빌딩 지하1층 B102호 (삼성동),스케치북,37.51879965693785,127.048503932512
612,서울특별시 강남구 일원동 643-1번지 지상1층 ,서울특별시 강남구 양재대로55길 31 (일원동지상1층),호프마을,37.4929092699834,127.08408420468831
613,서울특별시 강남구 논현동 226-2번지 동궁빌딩지하1층 ,서울특별시 강남구 봉은사로37길 35 지하1층 (논현동 동궁빌딩),투데이,37.51035045304872,127.03251378022823
614,서울특별시 강남구 논현동 163-1,서울특별시 강남구 학동로2길 43 지상2층 (논현동),미치코서울,37.50877990231051,127.02061573196532
615,서울특별시 강남구 대치동 896-45번지 지상2층 ,서울특별시 강남구 선릉로86길 46 (대치동지상2층),맥주야,37.50403865899063,127.05059508706277
616,서울특별시 강남구 대치동 897-3번지 2층1호 ,서울특별시 강남구 선릉로 420 (대치동2층1호),마들렌케익,37.50251083885647,127.04737656404991
617,서울특별시 강남구 삼성동 153-19번지 ,서울특별시 강남구 테헤란로83길 42 지상1층 (삼성동),더코스트엠(The cost M),37.51012790215597,127.05397007113031
618,서울특별시 강남구 신사동 658번지 ,서울특별시 강남구 압구정로50길 28 지하1층 6호 (신사동),온더그라운드,37.52697752987765,127.03434788708894
619,서울특별시 강남구 신사동 563-4 더건한빌딩 ,서울특별시 강남구 논현로151길 19 더건한빌딩 1층 (신사동),잇샐러드 압구정점,37.51987249093719,127.0237667288658
620,서울특별시 강남구 신사동 646-22,서울특별시 강남구 언주로164길 41 지상1층 (신사동),더티덕(Dirtydog),37.52540662582597,127.03402458916538
621,서울특별시 강남구 삼성동 140-26 지하1층 ,서울특별시 강남구 선릉로94길 3 (삼성동 지하1층),맥주창고,37.50590280018446,127.04589301087339
622,서울특별시 강남구 도곡동 518-10번지 지상1층 ,서울특별시 강남구 논현로 142 (도곡동지상1층),한스포,37.482424135881374,127.0401492992394
623,서울특별시 강남구 신사동 623-2번지 ,서울특별시 강남구 언주로 841 (신사동),산봉면옥,37.5255595816118,127.03000457645547
624,서울특별시 강남구 개포동 14-1번지 207-3호 ,서울특별시 강남구 개포로109길 34 (개포동207-3호),클린턴광장,37.49421594711656,127.07472674848135
625,서울특별시 강남구 역삼동 817-34번지 지상3층 ,서울특별시 강남구 강남대로98길 14 (역삼동지상3층),가가린 철우 사주카페,37.5006978477683,127.02494963462205
626,서울특별시 강남구 역삼동 817-34번지 지상3층 ,서울특별시 강남구 강남대로98길 14 (역삼동지상3층),가가린 철우 사주카페,37.5006978477683,127.02494963462205
627,서울특별시 강남구 논현동 240-4번지 지하1층 ,서울특별시 강남구 학동로 330 (논현동지하1층),리더스,37.516153552189905,127.03613547014577
628,서울특별시 강남구 논현동 234-1 ,서울특별시 강남구 논현로114길 8 지하1층 (논현동),갤럭시 펍,37.50851804473591,127.03118639064068
629,서울특별시 강남구 대치동 956-0번지 ,서울특별시 강남구 삼성로86길 18 (대치동),바젤,37.50584989842738,127.05612883543868
