지번주소,도로명주소,사업장명,좌표정보(X),좌표정보(Y)
서울특별시 강남구 신사동 525-13 지상1층101102호 ,서울특별시 강남구 압구정로4길 13-13 (신사동지상1층101102호),르포트 13,201799.8716,446679.2061
서울특별시 강남구 삼성동 150-21번지 지상1층 ,서울특별시 강남구 삼성로104길 7 (삼성동지상1층),한탕,204811.7927,445410.9511
서울특별시 강남구 논현동 242-21 삼아프라자 ,서울특별시 강남구 선릉로129길 3-6 삼아프라자 1층 101호 (논현동),묵호일식,203552.5167,445969.4993
서울특별시 강남구 청담동 95-15번지 지상2층 ,서울특별시 강남구 압구정로72길 22 지상2층 (청담동),볼트스테이크하우스(Vault steak house),203905.7515,446976.7192
서울특별시 강남구 역삼동 817-21 지상1층 ,서울특별시 강남구 강남대로96길 17 (역삼동지상1층),용용선생 강남역점,202441.5187,444214.652
서울특별시 강남구 신사동 657-24번지 지상12층 ,서울특별시 강남구 선릉로157길 23-5 (신사동지상12층),마크레인커피,203276.395,447069.2
서울특별시 강남구 신사동 647-23 ,서울특별시 강남구 선릉로153길 34 지하1층 (신사동),부쉬윅,203168.8181,446952.8492
서울특별시 강남구 역삼동 808-5번지 ,서울특별시 강남구 강남대로 468 지하2층 (역삼동 외4필지),코다차야 강남점,202150.899,444665.5848
서울특별시 강남구 역삼동 722 경남아파트 ,서울특별시 강남구 언주로85길 13 상가동 지상1층 113호 (역삼동 경남아파트),부엉이제면소,203671.6457,444263.0752
서울특별시 강남구 신사동 652-5,서울특별시 강남구 도산대로49길 6-5 지상1층 (신사동),다이브에스프레소클럽,203260.0825,446801.9064
서울특별시 강남구 역삼동 747-10번지 ,서울특별시 강남구 논현로75길 13 (역삼동),닭갈비두목,203266.8108,443782.1934
서울특별시 강남구 신사동 514-9 ,서울특별시 강남구 도산대로11길 5 지상2층 202호 (신사동),일곱잔,201901.6144,446176.2064
서울특별시 강남구 신사동 636-14,서울특별시 강남구 언주로172길 12 지상1층 (신사동),코드로 파라다이스 압구정로데오 본점,202994.8831,447266.5723
서울특별시 강남구 논현동 242-14 GOOD ,서울특별시 강남구 선릉로127길 10 GOOD 지하1층 (논현동),지안정,203541.9893,445931.575
서울특별시 강남구 역삼동 818-1 ,서울특별시 강남구 강남대로96길 12 B동 1층 (역삼동),크래프트한스강남,202405.4773,444167.8972
서울특별시 강남구 삼성동 49-11 세창빌딩 ,서울특별시 강남구 봉은사로 467 세창빌딩 지상1층 (삼성동),앙마꼬치,204406.059,445593.1006
서울특별시 강남구 역삼동 825-24 ,서울특별시 강남구 강남대로84길 15 지하1층 B126호 (역삼동),박과장 떡볶이,202562.7319,443869.2751
서울특별시 강남구 신사동 663-2 ,서울특별시 강남구 압구정로50길 25 지상1층 (신사동),동굴,203285.4275,447152.4058
서울특별시 강남구 신사동 525-19 지상1층 ,서울특별시 강남구 논현로175길 101 (신사동지상1층),야키토리 요이사,201801.9219,446716.8617
서울특별시 강남구 신사동 654-14번지 지상1층 ,서울특별시 강남구 도산대로51길 18 (신사동지상1층),이자카야 인 뉴욕,203290.1948,446897.6263
서울특별시 강남구 논현동 63-6 ,서울특별시 강남구 언주로149길 5 지상2층 (논현동),켈리 더 쿡(Kelly the cook),202910.1756,446473.4935
서울특별시 강남구 역삼동 677-11번지 트리아관광호텔 ,서울특별시 강남구 테헤란로33길 16 트리아관광호텔 지상1층 (역삼동),트리아관광호텔,203414.8683,444515.5703
서울특별시 강남구 역삼동 817-34번지 지상3층 ,서울특별시 강남구 강남대로98길 14 (역삼동지상3층),가가린 철우 사주카페,202392.0046,444276.6357
서울특별시 강남구 신사동 653-10 주현빌딩 ,서울특별시 강남구 도산대로51길 13 주현빌딩 지하1층 (신사동),코르트 스튜디오(COURTE STUDIOS),203273.7578,446851.5978
서울특별시 강남구 삼성동 110-3번지 지상1층지하1층 ,서울특별시 강남구 봉은사로 641 (삼성동지상1층지하1층),백세주마을 삼성점,205716.3701,445912.2258
서울특별시 강남구 신사동 561-19 ,서울특별시 강남구 도산대로 153 지상19층 (신사동),텔러스 9.5,202159.7495,446291.2772
서울특별시 강남구 신사동 657-17 ,서울특별시 강남구 선릉로155길 26 지하1층 (신사동),거북썬블랙,203252.4898,447060.3607
서울특별시 강남구 대치동 901-25 유성빌딩 ,서울특별시 강남구 삼성로81길 39 유성빌딩 지하1층 102호 (대치동),와인투고(wine to go),204747.4016,444604.0508
서울특별시 강남구 신사동 658-1번지 ,서울특별시 강남구 압구정로50길 22 지상2층 (신사동),와인주막차차 압구정점,203260.7922,447182.514
서울특별시 강남구 논현동 202-9 ,서울특별시 강남구 봉은사로 123 1층 101호 (논현동),비크 이뮈르달,202334.8486,444827.0098
서울특별시 강남구 역삼동 810-2번지 지상1층 ,서울특별시 강남구 봉은사로2길 15 (역삼동지상1층),까사생갈비,202224.1964,444601.9146
서울특별시 강남구 일원동 663-4번지 지상1층 ,서울특별시 강남구 일원로3길 48 지상1층 (일원동),김준석꼬치,207346.0408,443344.6186
서울특별시 강남구 삼성동 123-3,서울특별시 강남구 삼성로107길 33 지상1층 (삼성동),지칸,204479.0416,445389.4013
서울특별시 강남구 신사동 589-18번지 C&J빌딩 ,서울특별시 강남구 논현로152길 37 C&J빌딩 지상3층 (신사동),페어링지(pairinG),202681.8822,446615.981
서울특별시 강남구 역삼동 719-24 역삼역센트럴푸르지오 ,서울특별시 강남구 언주로85길 32 역삼역센트럴푸르지오 지상1층 106호지하1층B126호 (역삼동),호샤퀴테리에,203519.2709,444294.8425
서울특별시 강남구 신사동 552-3번지 ,서울특별시 강남구 논현로161길 39 지하1층 101호 (신사동),하이볼가든(Highball Garden),202138.7223,446738.937
서울특별시 강남구 개포동 167-1번지 ,서울특별시 강남구 선릉로10길 4-4 층 지상102호 (개포동),영심이포차,205306.9287,442313.7181
서울특별시 강남구 신사동 657-23 지상2층,서울특별시 강남구 도산대로51길 39 (신사동지상2층),아이언펍(IRON PUB),203294.5817,447067.1791
서울특별시 강남구 신사동 518-14 ,서울특별시 강남구 도산대로11길 31-8 지하1층 (신사동),유희,201854.3412,446349.2579
서울특별시 강남구 신사동 623-2 지하1층 ,서울특별시 강남구 언주로 841 (신사동지하1층),라움(Raum),202838.0694,447036.1317
서울특별시 강남구 역삼동 818-5 혜진빌딩,서울특별시 강남구 강남대로96길 20 혜진빌딩 지상2층 (역삼동),강남비치 강남본점,202462.8108,444189.65
서울특별시 강남구 청담동 123-37 ,서울특별시 강남구 도산대로89길 17 지상1층 (청담동),잔비워,204426.078,447051.8124
서울특별시 강남구 신사동 657-40 ,서울특별시 강남구 선릉로157길 13-5 101호 (신사동),야키토리(Yakitori)파노,203346.4786,447047.3695
서울특별시 강남구 신사동 626-76번지 지상1층 ,서울특별시 강남구 언주로153길 16 (신사동지상1층),양철집,202748.6017,446720.2014
서울특별시 강남구 삼성동 112-1번지 ,서울특별시 강남구 봉은사로 404 1층 101호 (삼성동 씨티라이프61),난 플라워카페,203851.2701,445325.3776
서울특별시 강남구 역삼동 736-38,서울특별시 강남구 논현로87길 19 지하1층 (역삼동),인파밀리아 역삼점,203033.8335,444137.0764
서울특별시 강남구 신사동 516-16,서울특별시 강남구 강남대로154길 33 1층 (신사동),식물학,201845.6676,446238.4458
서울특별시 강남구 신사동 642-9번지 ,서울특별시 강남구 언주로170길 35 지상2층 201호 (신사동),예술가,203159.8802,447156.7927
서울특별시 강남구 논현동 202-20 ,서울특별시 강남구 봉은사로 117 1층 (논현동),노포식당 논현본점,202263.6603,444789.8696
서울특별시 강남구 삼성동 49-11 세창빌딩 ,서울특별시 강남구 봉은사로 467 세창빌딩 지상1층 (삼성동),앙마꼬치,204406.059,445593.1006
서울특별시 강남구 논현동 160-11 ,서울특별시 강남구 강남대로122길 31 지상2층 (논현동),헤비스모커,202183.148,445154.0181
서울특별시 강남구 논현동 97-8 ,서울특별시 강남구 언주로150길 24 1층 (논현동),모토이시 도산공원점,203133.275,446564.39
서울특별시 강남구 삼성동 170-7,서울특별시 강남구 테헤란로107길 6 1층 (삼성동 두양빌딩),봉구비어 삼성동점,205732.7225,445340.6889
서울특별시 강남구 논현동 182-28번지 지상1층 ,서울특별시 강남구 봉은사로1길 32 지상1층 (논현동),김봉남포차 영동시장점,202094.9439,444956.8285
서울특별시 강남구 대치동 922-14번지 지상1층 ,서울특별시 강남구 선릉로66길 8 (대치동지상1층),철수네포장마차,204579.6049,444028.08
서울특별시 강남구 역삼동 817-34번지 지상3층 ,서울특별시 강남구 강남대로98길 14 (역삼동지상3층),가가린 철우 사주카페,202392.0046,444276.6357
서울특별시 강남구 신사동 642-15번지 삼주빌딩1층 ,서울특별시 강남구 압구정로48길 34 (신사동삼주빌딩1층),슈바빙(SCHWABING),203181.737,447123.5068
서울특별시 강남구 신사동 664-15,서울특별시 강남구 선릉로157길 8 지하1층 (신사동),레이아웃(Lay-out),203402.4149,447093.0423
서울특별시 강남구 논현동 163-17 상당빌딩 ,서울특별시 강남구 강남대로122길 15 상당빌딩 지상2층 (논현동),이자카야 소영,202066.6944,445103.8044
서울특별시 강남구 삼성동 91-23 ,서울특별시 강남구 영동대로114길 9 지상2층 (삼성동),재희키친,205285.5666,445910.4246
서울특별시 강남구 도곡동 414-6번지 ,서울특별시 강남구 논현로34길 20 1층 102호 (도곡동),수닭도리,203789.0617,442484.874
서울특별시 강남구 신사동 657-24번지 지상12층 ,서울특별시 강남구 선릉로157길 23-5 (신사동지상12층),마크레인커피,203276.395,447069.2
서울특별시 강남구 도곡동 414-6번지 ,서울특별시 강남구 논현로34길 20 1층 102호 (도곡동),수닭도리,203789.0617,442484.874
서울특별시 강남구 논현동 63-6 ,서울특별시 강남구 언주로149길 5 지상2층 (논현동),켈리 더 쿡(Kelly the cook),202910.1756,446473.4935
서울특별시 강남구 신사동 525-19 지상1층 ,서울특별시 강남구 논현로175길 101 (신사동지상1층),야키토리 요이사,201801.9219,446716.8617
서울특별시 강남구 삼성동 123-3,서울특별시 강남구 삼성로107길 33 지상1층 (삼성동),지칸,204479.0416,445389.4013
서울특별시 강남구 논현동 37-1번지 지상1층 ,서울특별시 강남구 학동로25길 14 (논현동지상1층),토가라시,202494.4247,445821.0588
서울특별시 강남구 도곡동 414-6번지 ,서울특별시 강남구 논현로34길 20 1층 102호 (도곡동),수닭도리,203789.0617,442484.874
서울특별시 강남구 역삼동 817-34번지 지상3층 ,서울특별시 강남구 강남대로98길 14 (역삼동지상3층),가가린 철우 사주카페,202392.0046,444276.6357
서울특별시 강남구 역삼동 642-1번지 역삼현대벤쳐텔 ,서울특별시 강남구 테헤란로25길 20 역삼현대벤쳐텔 지하1층 B102호 (역삼동),갓포돈,203081.1617,444381.1011
서울특별시 강남구 역삼동 808-5번지 ,서울특별시 강남구 강남대로 468 지하2층 (역삼동 외4필지),코다차야 강남점,202150.899,444665.5848
서울특별시 강남구 역삼동 831-3 지하1층 ,서울특별시 강남구 강남대로78길 8 지하1층 (역삼동 한국빌딩),이자카야나무(강남역2호점),202589.1316,443620.7611
서울특별시 강남구 청담동 13-20 ,서울특별시 강남구 도산대로78길 32 1층 102호 (청담동),진돈카츠,204005.534,446670.9171
서울특별시 강남구 신사동 519-1번지 ,서울특별시 강남구 압구정로2길 35 1층 (신사동),사이,201753.3037,446369.3323
서울특별시 강남구 신사동 654-14번지 지상1층 ,서울특별시 강남구 도산대로51길 18 (신사동지상1층),이자카야 인 뉴욕,203290.1948,446897.6263
서울특별시 강남구 삼성동 152-54번지 지하1층 ,서울특별시 강남구 삼성로104길 16 (삼성동지하1층),쿠시일오이,204891.0836,445417.1564
서울특별시 강남구 도곡동 414-6번지 ,서울특별시 강남구 논현로34길 20 1층 102호 (도곡동),수닭도리,203789.0617,442484.874
서울특별시 강남구 역삼동 738-18 ,서울특별시 강남구 논현로85길 5-15 지상1층 (역삼동),센도수산,203181.5834,444017.8473
서울특별시 강남구 대치동 894-5 한정빌딩지상1층104호 ,서울특별시 강남구 삼성로81길 22 (대치동한정빌딩지상1층104호),고운님 한우곱창,204870.3579,444682.0145
서울특별시 강남구 역삼동 831-3 지하1층 ,서울특별시 강남구 강남대로78길 8 지하1층 (역삼동 한국빌딩),이자카야나무(강남역2호점),202589.1316,443620.7611
서울특별시 강남구 도곡동 957-1번지 지상1층 ,서울특별시 강남구 강남대로42길 16 (도곡동지상1층),타이쇼 난지당,203044.4048,442563.2352
서울특별시 강남구 신사동 512-9 MG타워,서울특별시 강남구 압구정로2길 60 MG타워 지상2층 201호 (신사동),신사연어(신사살몬),201812.6383,446191.7089
서울특별시 강남구 신사동 584-1 유림아트홀 ,서울특별시 강남구 압구정로28길 49 유림아트홀 지상1층 109호110호 (신사동),로바타 탄요,202378.3283,446784.3879
서울특별시 강남구 신사동 539번지 ,서울특별시 강남구 도산대로15길 6 지상1층 (신사동),와라야키 쿠이신보,202063.6027,446263.8066
서울특별시 강남구 도곡동 538-1번지 ,서울특별시 강남구 선릉로 227 지하2호 (도곡동 진달래상가),츄잇,204593.1437,443737.5465
서울특별시 강남구 신사동 657-40 ,서울특별시 강남구 선릉로157길 13-5 101호 (신사동),야키토리(Yakitori)파노,203346.4786,447047.3695
서울특별시 강남구 논현동 4-7번지 지상1층 ,서울특별시 강남구 도산대로8길 7 (논현동지상1층),신사뻘낙지,201895.8818,446032.791
서울특별시 강남구 신사동 508-6 홍인빌딩 지상1층 101호,서울특별시 강남구 강남대로158길 21 지상1층 101호 (신사동 홍인빌딩),타츠야,201742.6501,446339.8548
서울특별시 강남구 도곡동 943-5번지 지하1층 ,서울특별시 강남구 강남대로58길 11 (도곡동지하1층),센스,202847.9776,443031.4381
서울특별시 강남구 개포동 1237-16번지 ,서울특별시 강남구 논현로18길 15 지상1층 101호 (개포동),심야오뎅,204018.855,441757.35
서울특별시 강남구 신사동 521-1번지 ,서울특별시 강남구 압구정로2길 29 1층 (신사동),우오하나,201736.2215,446406.5911
서울특별시 강남구 역삼동 831-3 지하1층 ,서울특별시 강남구 강남대로78길 8 지하1층 (역삼동 한국빌딩),이자카야나무(강남역2호점),202589.1316,443620.7611
서울특별시 강남구 대치동 944-25번지 ,서울특별시 강남구 영동대로85길 38 지하1층 (대치동),하레이자카야,205285.4,444937.05
서울특별시 강남구 도곡동 417번지 지상2층 ,서울특별시 강남구 논현로38길 36 지상2층 (도곡동),코지로,203884.512,442586.2478
서울특별시 강남구 신사동 657-40 ,서울특별시 강남구 선릉로157길 13-5 101호 (신사동),야키토리(Yakitori)파노,203346.4786,447047.3695
서울특별시 강남구 신사동 657-20번지 ,서울특별시 강남구 선릉로157길 21 지하1층 (신사동),이노,203301.1459,447091.4403
서울특별시 강남구 도곡동 419-0 ,서울특별시 강남구 남부순환로378길 8 (도곡동),하루,203961.2808,442616.8606
서울특별시 강남구 신사동 536-1번지 지상5층 ,서울특별시 강남구 도산대로11길 22 (신사동지상5층),모르나,201934.2619,446294.2411
서울특별시 강남구 역삼동 690-11번지 ,서울특별시 강남구 봉은사로44길 61 1층 (역삼동),연 YEON,203679.4456,444841.0978
서울특별시 강남구 신사동 540-21번지 ,서울특별시 강남구 강남대로152길 63 지하1지상1층 (신사동),켄카,202072.1013,446300.6282
서울특별시 강남구 신사동 521-3번지 ,서울특별시 강남구 강남대로160길 23 1층 101호 (신사동),교텐,201755.7535,446403.4373
서울특별시 강남구 신사동 654-18번지 ,서울특별시 강남구 도산대로51길 22 지상4층 (신사동),도산소반,203288.1803,446918.4716
서울특별시 강남구 청담동 123-44 ,서울특별시 강남구 압구정로79길 35 (청담동),청담이상 본점,204360.3736,447025.1144
서울특별시 강남구 논현동 97-8 ,서울특별시 강남구 언주로150길 24 1층 (논현동),모토이시 도산공원점,203133.275,446564.39
서울특별시 강남구 도곡동 417-12 ,서울특별시 강남구 논현로38길 34 지상2층 (도곡동),키노에다,203865.9024,442581.2777
서울특별시 강남구 청담동 22-11 K2빌딩 ,서울특별시 강남구 도산대로58길 12 K2빌딩 지상2층 (청담동),청담류 더 퍼스트 이자카야(청담류 The First Izakaya),203573.8691,446701.5136
서울특별시 강남구 청담동 22-11 K2빌딩 ,서울특별시 강남구 도산대로58길 12 K2빌딩 지상2층 (청담동),청담류 더 퍼스트 이자카야(청담류 The First Izakaya),203573.8691,446701.5136
서울특별시 강남구 대치동 901-77번지 ,서울특별시 강남구 삼성로75길 26 1층 102호 (대치동),구십구 구(99 9),204891.4277,444551.3476
서울특별시 강남구 수서동 502-1번지 ,서울특별시 강남구 광평로 220 (수서동),한단고기,208515.2783,442505.8904
서울특별시 강남구 청담동 20-13 ,서울특별시 강남구 선릉로148길 40 지상1층 (청담동),로바타 라이브라 별관점,203712.4604,446721.6887
서울특별시 강남구 청담동 20-7 ,서울특별시 강남구 선릉로146길 29 지하2층 (청담동),훈,203662.2767,446632.467
서울특별시 강남구 신사동 653-12번지 ,서울특별시 강남구 도산대로49길 10-3 지하1층지상1층 (신사동),로지,203261.244,446841.848
서울특별시 강남구 청담동 20-2번지 ,서울특별시 강남구 선릉로146길 27-10 지하1층 (청담동),쇼쿠도카이,203674.1543,446687.4328
서울특별시 강남구 논현동 164-11번지 지상2층  동 ,서울특별시 강남구 강남대로 506 동 (논현동지상2층),히까리 논현점,202008.5127,445032.3374
서울특별시 강남구 신사동 642-28번지 ,서울특별시 강남구 압구정로48길 38 1층 (신사동),나미나미,203188.3067,447080.584
서울특별시 강남구 청담동 88-8 1층,서울특별시 강남구 도산대로55길 16 (청담동1층),베베르(Be Ber),203511.4942,446915.6254
서울특별시 강남구 청담동 7-27번지 ,서울특별시 강남구 삼성로147길 8 1층 101호 (청담동),스기타마,204128.0173,446691.2741
서울특별시 강남구 청담동 123-44 ,서울특별시 강남구 압구정로79길 35 (청담동),청담이상 본점,204360.3736,447025.1144
서울특별시 강남구 역삼동 830-32번지 ,서울특별시 강남구 역삼로3길 14 지하1층 (역삼동),강남 시소,202718.3526,443585.7543
서울특별시 강남구 삼성동 149-31번지 ,서울특별시 강남구 봉은사로84길 34 지상1 2층 (삼성동),이자카야 한잔 삼성본점,204896.709,445440.2018
서울특별시 강남구 수서동 724 로즈데일오피스텔 ,서울특별시 강남구 광평로 280 로즈데일오피스텔 지하2층 124호 (수서동),육대장,209052.0725,442797.1382
서울특별시 강남구 신사동 612-2 ,서울특별시 강남구 언주로167길 46 지상1층 1호 (신사동),완강정,202529.8398,447153.0482
서울특별시 강남구 신사동 577-12번지 ,서울특별시 강남구 압구정로28길 18 (신사동),목로,202367.6724,447026.6602
서울특별시 강남구 논현동 163-17 상당빌딩 ,서울특별시 강남구 강남대로122길 15 상당빌딩 지상2층 (논현동),이자카야 소영,202066.6944,445103.8044
서울특별시 강남구 대치동 507 윈플러스상가 ,서울특별시 강남구 남부순환로 2936 윈플러스상가 지상1층 104호 (대치동),동경에서 먹었던 규동,205405.125,443463.355
서울특별시 강남구 역삼동 740-2번지 세하빌딩1층 ,서울특별시 강남구 논현로85길 35 (역삼동세하빌딩1층),더 간사이,203048.9096,444005.563
서울특별시 강남구 역삼동 817-8번지 ,서울특별시 강남구 테헤란로1길 28-1 (역삼동),야다이,202375.655,444236.1193
서울특별시 강남구 역삼동 832-33 성우스타우스오피스텔,서울특별시 강남구 역삼로4길 16 성우스타우스오피스텔 지상1층 112호 (역삼동),토리니쿠,202762.269,443356.7877
서울특별시 강남구 압구정동 369-1번지 ,서울특별시 강남구 압구정로29길 71 지상1층 104105호 (압구정동 현대상가 2동),춘풍월,202398.5944,447864.7637
서울특별시 강남구 역삼동 669-16번지 ,서울특별시 강남구 논현로94길 11 지하1층 (역삼동),아리네술상,203220.4408,444486.772
서울특별시 강남구 역삼동 788-32번지 ,서울특별시 강남구 도곡로 209 1층 (역삼동),이자카야 겸,203626.4679,443422.8684
서울특별시 강남구 역삼동 831-3 지하1층 ,서울특별시 강남구 강남대로78길 8 지하1층 (역삼동 한국빌딩),이자카야나무(강남역2호점),202589.1316,443620.7611
서울특별시 강남구 신사동 657-32번지 ,서울특별시 강남구 도산대로51길 40 지상3층 302호 (신사동),겜지노,203315.2613,447057.3622
서울특별시 강남구 논현동 148-17,서울특별시 강남구 학동로20길 46 지상1층 (논현동),아리,202351.7588,445390.6007
서울특별시 강남구 역삼동 642-1번지 역삼현대벤쳐텔 ,서울특별시 강남구 테헤란로25길 20 역삼현대벤쳐텔 지하1층 B102호 (역삼동),갓포돈,203081.1617,444381.1011
서울특별시 강남구 대치동 945-15번지 지상1층 101호,서울특별시 강남구 테헤란로98길 16 지상1층 101호 (대치동),남오토코 대치점,205448.6868,445003.8099
서울특별시 강남구 신사동 533-14번지 지하1층 ,서울특별시 강남구 압구정로12길 34-4 지하1층 (신사동),료하나,201915.2111,446608.1652
서울특별시 강남구 청담동 126-5 지상2층 ,서울특별시 강남구 도산대로89길 18 (청담동지상2층),오다,204448.9852,447052.1862
서울특별시 강남구 삼성동 128-23 원혜빌딩 ,서울특별시 강남구 삼성로 519 원혜빌딩 지상2층 (삼성동),청담이상블랙 삼성로점,204826.7617,445130.7378
서울특별시 강남구 논현동 249-6번지 지하1층101호 ,서울특별시 강남구 언주로 626 (논현동지하1층101호),나리스시 논현본점,203118.6237,445597.2916
서울특별시 강남구 대치동 901-38 1층 ,서울특별시 강남구 삼성로81길 37 1층 (대치동),오레노카츠,204761.3801,444609.7597
서울특별시 강남구 역삼동 699-1번지 ,서울특별시 강남구 언주로98길 5-4 지상1층 (역삼동),야신,203687.3323,444788.7731
서울특별시 강남구 신사동 559-9번지 ,서울특별시 강남구 도산대로23길 19 지상 1층 (신사동),사일삼 프로젝트 신사,202221.5506,446447.0938
서울특별시 강남구 역삼동 825-20번지 강남역 센트럴 푸르지오 시티 ,서울특별시 강남구 테헤란로4길 6 강남역 센트럴 푸르지오 시티 1층 124호 (역삼동),723핫도그앤커피 강남본점,202520.9722,443946.8329
서울특별시 강남구 신사동 654-14번지 지상1층 ,서울특별시 강남구 도산대로51길 18 (신사동지상1층),이자카야 인 뉴욕,203290.1948,446897.6263
서울특별시 강남구 도곡동 941-1번지 크리스탈빌딩2층201호 ,서울특별시 강남구 도곡로 128 (도곡동크리스탈빌딩2층201호),기소야,202971.5694,443096.3954
서울특별시 강남구 삼성동 159 ,서울특별시 강남구 영동대로 517 아셈회관동 지하1층 P107호 (삼성동 코엑스몰),피에프창 코엑스몰점,205130.5917,445590.0968
서울특별시 강남구 신사동 657-32,서울특별시 강남구 도산대로51길 40 지하1층 (신사동),풍,203315.2613,447057.3622
서울특별시 강남구 역삼동 738-4번지 ,서울특별시 강남구 논현로85길 5-6 지하1층 (역삼동),오직화제육,203195.5044,444061.0027
서울특별시 강남구 역삼동 730-5번지 ,서울특별시 강남구 언주로 405 지상103호 (역삼동),남와집,203814.1273,444111.9
서울특별시 강남구 역삼동 799번지 서경빌딩 ,서울특별시 강남구 도곡로13길 6 서경빌딩 지하1층 (역삼동),노블,203179.2584,443266.0495
서울특별시 강남구 논현동 163-17 상당빌딩 ,서울특별시 강남구 강남대로122길 15 상당빌딩 지상2층 (논현동),이자카야 소영,202066.6944,445103.8044
서울특별시 강남구 역삼동 736-58 대세빌딩 ,서울특별시 강남구 테헤란로26길 14 대세빌딩 지하2층 101호 (역삼동),역삼골목냉면,203107.7068,444116.3045
서울특별시 강남구 논현동 166-2번지 지상1층 ,서울특별시 강남구 강남대로122길 14 (논현동지상1층),울트라멘,202082.1613,445071.4732
서울특별시 강남구 청담동 123-21번지 ,서울특별시 강남구 도산대로89길 19-4 2층 (청담동),마고꼬로,204435.2322,447080.11
서울특별시 강남구 삼성동 166-6번지 ,서울특별시 강남구 봉은사로114길 42 (삼성동),미스터 돌쇠,205707.361,445550.6027
서울특별시 강남구 대치동 911-13번지 .지상1층 ,서울특별시 강남구 역삼로 452 (대치동.지상1층),행복,204941.0495,444443.7978
서울특별시 강남구 신사동 515-12 ,서울특별시 강남구 강남대로152길 29 (신사동),촌,201850.3676,446186.9557
서울특별시 강남구 청담동 132-3번지 청담상가 1층8호 ,서울특별시 강남구 학동로101길 33 (청담동청담상가 1층8호),월풍월,204939.3861,446688.3029
서울특별시 강남구 논현동 164-14 원창빌딩 ,서울특별시 강남구 학동로2길 56 원창빌딩 지상5층 (논현동),아오자이,202017.7656,445083.1904
서울특별시 강남구 역삼동 752-41 2층 2호,서울특별시 강남구 역삼로 133 지상2층 2호 (역삼동),오사카우동 강남점,202954.7972,443586.4014
서울특별시 강남구 논현동 242-47번지 ,서울특별시 강남구 선릉로127길 5 (논현동),도리토리본점,203585.5888,445921.9758
서울특별시 강남구 청담동 80-12번지 ,서울특별시 강남구 압구정로 434-3 지상1층 (청담동),코코모이,203862.4801,447126.9422
서울특별시 강남구 역삼동 826-37번지 ,서울특별시 강남구 테헤란로4길 46 제비122호 (역삼동),찌개마을,202619.0981,443688.6917
서울특별시 강남구 논현동 203-1번지 거평타운 지하121호 ,서울특별시 강남구 봉은사로 129 (논현동거평타운 지하121호),이장군 충무김밥,202425.73,444852.88
서울특별시 강남구 역삼동 817-34번지 지상3층 ,서울특별시 강남구 강남대로98길 14 (역삼동지상3층),가가린 철우 사주카페,202392.0046,444276.6357
서울특별시 강남구 역삼동 661-21번지 지상1층 101호,서울특별시 강남구 언주로103길 15 지상1층 101호 (역삼동),미장원,203361.6565,444915.1689
서울특별시 강남구 역삼동 826-37번지 쌍용플래티넘밸류 ,서울특별시 강남구 테헤란로4길 46 지하1층 B123호B124호 (역삼동 쌍용플래티넘밸류),청담돈가스,202619.0981,443688.6917
서울특별시 강남구 신사동 527-4 형지제2빌딩,서울특별시 강남구 압구정로 102 형지제2빌딩 지상1층 (신사동),오우야 에스프레소바,201668.7021,446681.3102
서울특별시 강남구 신사동 652-5,서울특별시 강남구 도산대로49길 6-5 지상1층 (신사동),다이브에스프레소클럽,203260.0825,446801.9064
서울특별시 강남구 논현동 163-17 상당빌딩 ,서울특별시 강남구 강남대로122길 15 상당빌딩 지상2층 (논현동),이자카야 소영,202066.6944,445103.8044
서울특별시 강남구 청담동 87 ,서울특별시 강남구 선릉로152길 10 지하1층 (청담동),만지,203496.5412,446867.267
서울특별시 강남구 역삼동 651-19 ,서울특별시 강남구 언주로107길 48 지상1층 102호 (역삼동),사시미651,203057.8547,444976.9404
서울특별시 강남구 신사동 555 ,서울특별시 강남구 논현로157길 55 지상1층 102호 (신사동),사케츠바사,202072.553,446507.4422
서울특별시 강남구 역삼동 708-1번지 ,서울특별시 강남구 테헤란로 328 지하1층 101호102호 (역삼동 동우빌딩),토종시골집,204142.44,444617.02
서울특별시 강남구 개포동 1237-16번지 ,서울특별시 강남구 논현로18길 15 지상1층 101호 (개포동),심야오뎅,204018.855,441757.35
서울특별시 강남구 역삼동 619번지 정암빌딩 ,서울특별시 강남구 봉은사로6길 38 지상2층 (역삼동 정암빌딩),이름없는 파스타 강남역점,202367.2785,444482.1152
서울특별시 강남구 도곡동 545-6번지 한성빌딩1층 ,서울특별시 강남구 도곡로 174 (도곡동한성빌딩1층),호미곶,203333.0265,443237.6692
서울특별시 강남구 도곡동 418-10번지 ,서울특별시 강남구 논현로38길 38-3 (도곡동),후포항,203915.466,442581.6219
서울특별시 강남구 수서동 502-1번지 ,서울특별시 강남구 광평로 220 (수서동),한단고기,208515.2783,442505.8904
서울특별시 강남구 역삼동 708-33번지 역삼동 벤처빌딩 ,서울특별시 강남구 테헤란로52길 21 역삼동 벤처빌딩 지하1층 B101호B102호중 일부 (역삼동),이치동,204222.8929,444524.8227
서울특별시 강남구 삼성동 40-8번지 지상1층101호 ,서울특별시 강남구 봉은사로59길 12 (삼성동지상1층101호),쇼헤이,203985.6376,445510.9665
서울특별시 강남구 역삼동 628-7번지 ,서울특별시 강남구 테헤란로25길 42 지상1층 (역삼동),이필녀국밥,203018.4318,444573.0873
서울특별시 강남구 신사동 657-11 ,서울특별시 강남구 선릉로157길 25 2층 (신사동),올리버,,
서울특별시 강남구 신사동 656-7번지 지상2층 ,서울특별시 강남구 선릉로155길 23-3 (신사동지상2층),이치에,203261.1046,447016.636
서울특별시 강남구 대치동 944-25번지 ,서울특별시 강남구 영동대로85길 38 지하1층 (대치동),하레이자카야,205285.4,444937.05
서울특별시 강남구 신사동 651-6,서울특별시 강남구 도산대로45길 8-7 지상1층 (신사동),미나미 하나레,203148.0901,446757.3716
서울특별시 강남구 신사동 651-5,서울특별시 강남구 도산대로45길 8-3 2층 (신사동),갓포아키 도산공원점,203133.7116,446751.5776
서울특별시 강남구 역삼동 831-3 지하1층 ,서울특별시 강남구 강남대로78길 8 지하1층 (역삼동 한국빌딩),이자카야나무(강남역2호점),202589.1316,443620.7611
서울특별시 강남구 역삼동 811번지 지상3층 ,서울특별시 강남구 봉은사로4길 17 지상3층 (역삼동),은하수[:天の河],202272.4415,444614.1052
서울특별시 강남구 대치동 948번지 ,서울특별시 강남구 영동대로 417 지하1층 4-1호 (대치동 오토웨이타워),로봇김밥 오토웨이점,205564.0906,444887.7416
서울특별시 강남구 신사동 517-25 ,서울특별시 강남구 도산대로11길 31-7 지하1층 102호 (신사동),콘유,201864.3225,446329.7305
서울특별시 강남구 신사동 514-9번지 지상1층 ,서울특별시 강남구 도산대로11길 5 (신사동지상1층),팔일삼,201901.6144,446176.2064
서울특별시 강남구 논현동 221-7 한양수자인 어반게이트,서울특별시 강남구 봉은사로29길 35 지하2층 B201호B202호 주방1호 (논현동 한양수자인 어반게이트),아키타,202894.2962,445277.7231
서울특별시 강남구 신사동 534-8번지 ,서울특별시 강남구 압구정로10길 35 지상1층 (신사동),도쿄수플레,201894.226,446565.1166
서울특별시 강남구 자곡동 662번지 ,서울특별시 강남구 자곡로 204-5 1층 105110호 (자곡동),소야지,209253.7183,441349.1659
서울특별시 강남구 신사동 525-19 지상1층 ,서울특별시 강남구 논현로175길 101 (신사동지상1층),야키토리 요이사,201801.9219,446716.8617
서울특별시 강남구 개포동 1237-16번지 ,서울특별시 강남구 논현로18길 15 지상1층 101호 (개포동),심야오뎅,204018.855,441757.35
서울특별시 강남구 신사동 524-28번지 ,서울특별시 강남구 압구정로10길 30-10 지하1층 (신사동),이자카야 한,201844.6354,446655.4017
서울특별시 강남구 신사동 578-2 지하1층 ,서울특별시 강남구 논현로175길 17 (신사동지하1층),아쿠아(Aqua),202339.4926,447059.7322
서울특별시 강남구 신사동 580-5번지 ,서울특별시 강남구 논현로175길 6 지상1.2층 (신사동),이코복스커피,202384.1769,447119.9383
서울특별시 강남구 역삼동 735-17번지 ,서울특별시 강남구 논현로85길 52 2층 205-1호 (역삼동 역삼푸르지오시티),스시산원(청),202905.3032,443996.9848
서울특별시 강남구 논현동 70-1 지하1층 ,서울특별시 강남구 언주로147길 9-3 (논현동지하1층),콘서트,202912.33,446391.535
서울특별시 강남구 신사동 535-17번지 지층 102호 ,서울특별시 강남구 도산대로13길 31-1 (신사동지층 102호),아카시아씨앤비,201937.2965,446416.7484
서울특별시 강남구 삼성동 149-4 ,서울특별시 강남구 봉은사로84길 22 지상1층 제101호 (삼성동),퍼플 케이터링,204873.5686,445525.0915
서울특별시 강남구 역삼동 827-14 ,서울특별시 강남구 테헤란로4길 35 지상1층 101호 (역삼동),텐카라멘,202644.3428,443773.6242
서울특별시 강남구 역삼동 645-3 ,서울특별시 강남구 논현로95길 29 1층 (역삼동),소돼지 불맛집,202907.8922,444399.6997
서울특별시 강남구 신사동 570-6 ,서울특별시 강남구 논현로163길 10 지하1층 (신사동),갓포준×에스테반,202346.5711,446887.468
서울특별시 강남구 대치동 944-25번지 ,서울특별시 강남구 영동대로85길 38 지하1층 (대치동),하레이자카야,205285.4,444937.05
서울특별시 강남구 역삼동 719-18 시티타워 ,서울특별시 강남구 언주로87길 24 시티타워 지하1층 (역삼동),작야,203557.913,444347.5528
서울특별시 강남구 신사동 657-5 ,서울특별시 강남구 압구정로48길 35 지상1층 102호 (신사동),토리카마(TORIKAMA),203208.8644,447096.715
서울특별시 강남구 압구정동 494 갤러리아백화점 ,서울특별시 강남구 압구정로 343 갤러리아백화점 명품관 West 지하1층 (압구정동),히비 압구정점,203470.8484,447369.5799
서울특별시 강남구 논현동 232-17 ,서울특별시 강남구 봉은사로37길 11 1층 (논현동),일언 족발,203162.7841,445202.1789
서울특별시 강남구 역삼동 830-54번지 지하1층 ,서울특별시 강남구 역삼로5길 6 (역삼동지하1층),물고기,202800.7685,443568.7667
서울특별시 강남구 청담동 32-2 ,서울특별시 강남구 학동로77길 19 지상1층 (청담동),스시원,204690.5505,444994.3842
서울특별시 강남구 논현동 98-12 가동 지하1층 ,서울특별시 강남구 언주로148길 14 가동 지하1층 (논현동),노네임,203121.2036,446464.38
서울특별시 강남구 대치동 891-26번지 지상1층102호 ,서울특별시 강남구 삼성로85길 42 (대치동지상1층102호),죠샌드위치포스코사거리점,204683.0565,444714.3227
서울특별시 강남구 논현동 108번지 ,서울특별시 강남구 학동로43길 38 지하1층 B107호 (논현동 논현웰스톤),요시야,203292.307,446247.5115
서울특별시 강남구 도곡동 515-4번지 1층 ,서울특별시 강남구 논현로 148 1층 (도곡동),한통,203713.858,442311.3119
서울특별시 강남구 논현동 163-17 상당빌딩 ,서울특별시 강남구 강남대로122길 15 상당빌딩 지상2층 (논현동),이자카야 소영,202066.6944,445103.8044
서울특별시 강남구 논현동 134 ,서울특별시 강남구 학동로18길 17 지상1층 (논현동),찌웅이네 숯불두마리치킨 강남점,,
서울특별시 강남구 수서동 502-1번지 ,서울특별시 강남구 광평로 220 (수서동),한단고기,208515.2783,442505.8904
서울특별시 강남구 신사동 654-14번지 지상1층 ,서울특별시 강남구 도산대로51길 18 (신사동지상1층),이자카야 인 뉴욕,203290.1948,446897.6263
서울특별시 강남구 청담동 128-23번지 ,서울특별시 강남구 압구정로79길 79 지상1층 (청담동),우랑,204668.4922,447097.841
서울특별시 강남구 신사동 515번지 (주)로터스가든 ,서울특별시 강남구 압구정로2길 59 (주)로터스가든 지상1층지상2층 (신사동),오레노 유메,201838.5101,446206.7096
서울특별시 강남구 논현동 10-7번지 동남빌딩 ,서울특별시 강남구 논현로149길 31 동남빌딩 1층 101-2호 (논현동),모노로그,202224.6874,446167.0544
서울특별시 강남구 개포동 1172 ,서울특별시 강남구 논현로6길 22 지상1층 102호 (개포동),라온,204465.3697,441279.3068
서울특별시 강남구 신사동 652-5,서울특별시 강남구 도산대로49길 6-5 지상1층 (신사동),다이브에스프레소클럽,203260.0825,446801.9064
서울특별시 강남구 대치동 996-16번지 육인빌딩 ,서울특별시 강남구 영동대로86길 17 육인빌딩 지하1층 (대치동),유키즈시,205718.6998,445123.514
서울특별시 강남구 일원동 628-6번지 1층 ,서울특별시 강남구 개포로128길 33 1층 (일원동),모퉁이,207378.8647,443440.0829
서울특별시 강남구 청담동 31-19번지 대유빌딩 지하1층 ,서울특별시 강남구 학동로77길 26 (청담동대유빌딩 지하1층),타비타비,204232.9612,446461.2605
서울특별시 강남구 대치동 930-0번지 리치캐슬1층 ,서울특별시 강남구 삼성로67길 13 (대치동리치캐슬1층),토로노,205091.0771,444295.1651
서울특별시 강남구 대치동 924-8번지 지상1층지상2층 ,서울특별시 강남구 도곡로63길 20 지상1층지상2층 (대치동),아리노마마,204715.6983,444024.8976
서울특별시 강남구 논현동 221-14,서울특별시 강남구 논현로 634 지상12층 (논현동),이자카야찬논현,202832.9569,445331.6505
서울특별시 강남구 신사동 524-28번지 ,서울특별시 강남구 압구정로10길 30-10 지하1층 (신사동),이자카야 한,201844.6354,446655.4017
서울특별시 강남구 청담동 19-19번지 ,서울특별시 강남구 선릉로148길 52 지하1층 (청담동),로바타 라이브라,203799.4573,446738.757
서울특별시 강남구 신사동 657-4,서울특별시 강남구 선릉로157길 27-4 지상1층 (신사동),하얀상회,203226.4658,447097.4071
서울특별시 강남구 역삼동 830-3 ,서울특별시 강남구 강남대로78길 30 지상1층 (역삼동),심가네칼국수 강남역본점,202735.1559,443680.6882
서울특별시 강남구 신사동 553-10번지 ,서울특별시 강남구 도산대로25길 47 지상1층 (신사동),오늘잡은 안동갈비,202198.3692,446700.1223
서울특별시 강남구 개포동 1237-16번지 ,서울특별시 강남구 논현로18길 15 지상1층 101호 (개포동),심야오뎅,204018.855,441757.35
서울특별시 강남구 신사동 644-15번지 ,서울특별시 강남구 언주로170길 28 지상2층 (신사동),사케리아 잇콘(SAKERIA-IKKON),203097.7387,447150.1933
서울특별시 강남구 역삼동 601-16 ,서울특별시 강남구 봉은사로4길 1 1층 (역삼동),미타우동 비스트로,202243.9999,444710.2442
서울특별시 강남구 신사동 654-14번지 지상1층 ,서울특별시 강남구 도산대로51길 18 (신사동지상1층),이자카야 인 뉴욕,203290.1948,446897.6263
서울특별시 강남구 신사동 654-14번지 지상1층 ,서울특별시 강남구 도산대로51길 18 (신사동지상1층),이자카야 인 뉴욕,203290.1948,446897.6263
서울특별시 강남구 역삼동 669-9 ,서울특별시 강남구 봉은사로30길 73 지상2층 3호 (역삼동),와타미 역삼직영점,203211.8592,444523.6939
서울특별시 강남구 도곡동 953-1번지 양재에스케이허브프리모 102111112호 ,서울특별시 강남구 강남대로 240 (도곡동양재에스케이허브프리모 102111112호),하츠코이 오카,202973.006,442568.8789
서울특별시 강남구 논현동 233-4 ,서울특별시 강남구 논현로114길 22 1층 1호 (논현동),호별관,203048.5461,445185.3222
서울특별시 강남구 삼성동 159-7번지 현대백화점 ,서울특별시 강남구 테헤란로 517 현대백화점 지상10층 2호 (삼성동),철그릴 무역점,205210.3588,445154.4223
서울특별시 강남구 신사동 657-5 ,서울특별시 강남구 압구정로48길 35 지상1층 102호 (신사동),토리카마(TORIKAMA),203208.8644,447096.715
서울특별시 강남구 논현동 190-3번지 ,서울특별시 강남구 논현로115길 17 (논현동),아지트,202724.7758,445154.1967
서울특별시 강남구 논현동 233-5 ,서울특별시 강남구 봉은사로33길 13 103호 (논현동),모토카레,203062.9794,445188.8857
서울특별시 강남구 역삼동 647-13 지하1층 ,서울특별시 강남구 테헤란로19길 5 (역삼동지하1층),요술 역삼점,202891.175,444245.675
서울특별시 강남구 신사동 657-5 ,서울특별시 강남구 압구정로48길 35 지상1층 102호 (신사동),토리카마(TORIKAMA),203208.8644,447096.715
서울특별시 강남구 신사동 555 ,서울특별시 강남구 논현로157길 55 지상1층 102호 (신사동),사케츠바사,202072.553,446507.4422
서울특별시 강남구 역삼동 642-1번지 역삼현대벤쳐텔 ,서울특별시 강남구 테헤란로25길 20 역삼현대벤쳐텔 지하1층 B102호 (역삼동),갓포돈,203081.1617,444381.1011
서울특별시 강남구 수서동 502-1번지 ,서울특별시 강남구 광평로 220 (수서동),한단고기,208515.2783,442505.8904
서울특별시 강남구 역삼동 825-24,서울특별시 강남구 강남대로84길 15 지하1층 105106107108호 (역삼동),도툼횟집,202562.7319,443869.2751
서울특별시 강남구 역삼동 831-3 지하1층 ,서울특별시 강남구 강남대로78길 8 지하1층 (역삼동 한국빌딩),이자카야나무(강남역2호점),202589.1316,443620.7611
서울특별시 강남구 대치동 1001-6번지 지하1층 ,서울특별시 강남구 영동대로86길 10 (대치동지하1층),록스플레이트,205670.4821,445065.7001
서울특별시 강남구 논현동 63-6 ,서울특별시 강남구 언주로149길 5 지상2층 (논현동),켈리 더 쿡(Kelly the cook),202910.1756,446473.4935
서울특별시 강남구 논현동 249-3번지 ,서울특별시 강남구 언주로 632 (논현동),유다까,203099.1823,445649.2085
서울특별시 강남구 신사동 511-8 지상1층 ,서울특별시 강남구 강남대로156길 22 (신사동지상1층),하나비카레,201780.9282,446229.4675
서울특별시 강남구 역삼동 836-1 지하1층 ,서울특별시 강남구 도곡로3길 22 (역삼동지하1층),히어로,202835.1093,443269.3616
서울특별시 강남구 신사동 503-2번지 ,서울특별시 강남구 강남대로 632 지상1층 (신사동),신의 곱창,201650.7872,446226.2777
서울특별시 강남구 신사동 559-16번지 지상 1층 ,서울특별시 강남구 논현로151길 26 (신사동지상 1층),월드맛집,202236.3247,446413.7901
서울특별시 강남구 도곡동 517-1 ,서울특별시 강남구 논현로30길 36 지상1층 (도곡동),도곡여울,203874.9505,442472.8853
서울특별시 강남구 신사동 613-5 캐럴라인타워 ,서울특별시 강남구 압구정로32길 11 캐럴라인타워 지상1층 107호 (신사동),코이라멘 압구정점,202601.2166,447186.6595
서울특별시 강남구 청담동 112-30번지 ,서울특별시 강남구 도산대로85길 35 지하1층 (청담동),지나살롱(Gina salon),204303.5027,447180.7367
서울특별시 강남구 역삼동 825-20 강남역 센트럴 푸르지오 시티 ,서울특별시 강남구 테헤란로4길 6 강남역 센트럴 푸르지오 시티 지하1층 B120호 (역삼동),도키메이테,202520.9722,443946.8329
서울특별시 강남구 청담동 49-5번지 ,서울특별시 강남구 도산대로 510 (청담동),하모,204250.9979,446861.0179
서울특별시 강남구 신사동 578-1번지 ,서울특별시 강남구 논현로175길 11 지상1층 (신사동),컴스고스(comesgoes),202368.8854,447078.0534
서울특별시 강남구 논현동 242-21 삼아프라자 ,서울특별시 강남구 선릉로129길 3-6 삼아프라자 1층 101호 (논현동),묵호일식,203552.5167,445969.4993
서울특별시 강남구 역삼동 776-18번지 지상1층104호 ,서울특별시 강남구 논현로68길 4 (역삼동지상1층104호),코페아,203500.9516,443584.8332
서울특별시 강남구 신사동 525-13 지상1층101102호 ,서울특별시 강남구 압구정로4길 13-13 (신사동지상1층101102호),르포트 13,201799.8716,446679.2061
서울특별시 강남구 삼성동 150-21번지 지상1층 ,서울특별시 강남구 삼성로104길 7 (삼성동지상1층),한탕,204811.7927,445410.9511
서울특별시 강남구 개포동 186-12번지 지상1층 ,서울특별시 강남구 개포로82길 7 지상1층 2호 (개포동),뻑꺼구이촌,205884.3741,442955.2669
서울특별시 강남구 역삼동 832-33번지 성우스타우스오피스텔 ,서울특별시 강남구 역삼로4길 16 성우스타우스오피스텔 지하1층 B06호 (역삼동),김충기 꽃삼겹,202762.269,443356.7877
서울특별시 강남구 신사동 652-5,서울특별시 강남구 도산대로49길 6-5 지상1층 (신사동),다이브에스프레소클럽,203260.0825,446801.9064
서울특별시 강남구 신사동 512-3 ,서울특별시 강남구 강남대로154길 16 1층 101호 (신사동),심퍼티쿠시 가로수길점,201746.8824,446157.5261
서울특별시 강남구 역삼동 635-5 ,서울특별시 강남구 테헤란로5길 36 지하1층 (역삼동),엘라(ELAH),202499.3993,444294.5293
서울특별시 강남구 역삼동 817-34번지 지상3층 ,서울특별시 강남구 강남대로98길 14 (역삼동지상3층),가가린 철우 사주카페,202392.0046,444276.6357
서울특별시 강남구 신사동 561-19 ,서울특별시 강남구 도산대로 153 지상19층 (신사동),텔러스 9.5,202159.7495,446291.2772
서울특별시 강남구 신사동 537-4 ,서울특별시 강남구 강남대로152길 46 지상2층 (신사동),레 부르주아,201962.8931,446217.2336
서울특별시 강남구 삼성동 108-0번지 ,서울특별시 강남구 봉은사로103길 8 (삼성동),노메,205389.8894,445882.9571
서울특별시 강남구 논현동 164번지 영동빌딩 ,서울특별시 강남구 강남대로 520 지상1층 109110호 (논현동),우기식당,201962.8388,445158.312
서울특별시 강남구 역삼동 825-24 ,서울특별시 강남구 강남대로84길 15 지하1층 B126호 (역삼동),박과장 떡볶이,202562.7319,443869.2751
서울특별시 강남구 역삼동 820-2 지상2층,서울특별시 강남구 테헤란로1길 17 (역삼동지상2층),수지상회 강남1호점,202372.3541,444139.6283
서울특별시 강남구 역삼동 742-22번지 도원빌딩 ,서울특별시 강남구 역삼로9길 28 도원빌딩 지하1층 1호 (역삼동),식정,202921.5171,443750.9416
서울특별시 강남구 논현동 75번지 ,서울특별시 강남구 도산대로30길 39 지하1층 (논현동),피헨[PEAHEN],202644.7428,446132.1955
서울특별시 강남구 역삼동 642-1번지 역삼현대벤쳐텔 ,서울특별시 강남구 테헤란로25길 20 역삼현대벤쳐텔 지하1층 B102호 (역삼동),갓포돈,203081.1617,444381.1011
서울특별시 강남구 신사동 657-17 ,서울특별시 강남구 선릉로155길 26 지상3층 (신사동),구들,203252.4898,447060.3607
서울특별시 강남구 도곡동 414-6번지 ,서울특별시 강남구 논현로34길 20 1층 102호 (도곡동),수닭도리,203789.0617,442484.874
서울특별시 강남구 신사동 657-41,서울특별시 강남구 선릉로155길 14 지하1층 104105호 (신사동),뉴아게,203343.124,447034.6686
서울특별시 강남구 역삼동 813-3 ,서울특별시 강남구 봉은사로4길 32 지하1층 (역삼동),이썸,202287.325,444507.6212
서울특별시 강남구 역삼동 700-14 ,서울특별시 강남구 언주로98길 12 지하1층 (역삼동),앨리스(Alice),203702.1535,444745.3627
서울특별시 강남구 역삼동 810-2번지 지상1층 ,서울특별시 강남구 봉은사로2길 15 (역삼동지상1층),까사생갈비,202224.1964,444601.9146
서울특별시 강남구 역삼동 817-34번지 지상3층 ,서울특별시 강남구 강남대로98길 14 (역삼동지상3층),가가린 철우 사주카페,202392.0046,444276.6357
서울특별시 강남구 역삼동 669-2번지 지상1층 ,서울특별시 강남구 논현로98길 12 지상1층 (역삼동),전봇대,203186.335,444612.58
서울특별시 강남구 역삼동 738-18 ,서울특별시 강남구 논현로85길 5-15 지상1층 (역삼동),센도수산,203181.5834,444017.8473
서울특별시 강남구 신사동 518-14 ,서울특별시 강남구 도산대로11길 31-8 지하1층 (신사동),유희,201854.3412,446349.2579
서울특별시 강남구 신사동 540-18번지 ,서울특별시 강남구 강남대로152길 69 지하 1층 (신사동),서울러,202118.1915,446321.7982
서울특별시 강남구 역삼동 747-14번지 ,서울특별시 강남구 논현로75길 7 지상1층 (역삼동),이도,203313.8734,443801.3537
서울특별시 강남구 삼성동 34-25번지 지상2층 ,서울특별시 강남구 선릉로 628 (삼성동지상2층),46 이너스 피자,203761.3374,445604.2973
서울특별시 강남구 논현동 158-36 ,서울특별시 강남구 학동로6길 55 1층 (논현동),논현오뎅,202314.6341,445209.3413
서울특별시 강남구 역삼동 817-34번지 지상3층 ,서울특별시 강남구 강남대로98길 14 (역삼동지상3층),가가린 철우 사주카페,202392.0046,444276.6357
서울특별시 강남구 신사동 559-10번지 ,서울특별시 강남구 도산대로23길 17 지하1층 (신사동),올데이피자(ALL DAY PIZZA),202225.7928,446435.7544
서울특별시 강남구 청담동 19-19번지 ,서울특별시 강남구 선릉로148길 52 지하1층 (청담동),로바타 라이브라,203799.4573,446738.757
서울특별시 강남구 역삼동 818-1 ,서울특별시 강남구 강남대로96길 12 B동 1층 (역삼동),크래프트한스강남,202405.4773,444167.8972
서울특별시 강남구 신사동 662-16 ,서울특별시 강남구 선릉로161길 15-3 지상1층 102호 (신사동),센자이료쿠,203390.317,447202.3699
서울특별시 강남구 삼성동 143-12번지 ,서울특별시 강남구 테헤란로77길 11-10 1층 (삼성동),애니홀,204671.1594,444985.8731
서울특별시 강남구 논현동 163-17 상당빌딩 ,서울특별시 강남구 강남대로122길 15 상당빌딩 지상2층 (논현동),이자카야 소영,202066.6944,445103.8044
서울특별시 강남구 대치동 924-8번지 지상1층지상2층 ,서울특별시 강남구 도곡로63길 20 지상1층지상2층 (대치동),아리노마마,204715.6983,444024.8976
서울특별시 강남구 역삼동 708-33 역삼동 벤처빌딩 ,서울특별시 강남구 테헤란로52길 21 역삼동 벤처빌딩 지하1층 B101호B102호 주방3호 (역삼동),그리야드,204222.8929,444524.8227
서울특별시 강남구 삼성동 157-17 ,서울특별시 강남구 테헤란로83길 13 (삼성동),월스트리트(Wall Street),205005.0656,445121.7947
서울특별시 강남구 신사동 508-7 지상1층,서울특별시 강남구 강남대로158길 19 (신사동지상1층),키보2,201732.5327,446333.0946
서울특별시 강남구 대치동 922-14번지 지상1층 ,서울특별시 강남구 선릉로66길 8 (대치동지상1층),철수네포장마차,204579.6049,444028.08
서울특별시 강남구 신사동 512-18 ,서울특별시 강남구 강남대로152길 13 지상1층 (신사동),신사숙녀,201742.6635,446130.8692
서울특별시 강남구 논현동 145-12번지 ,서울특별시 강남구 강남대로124길 23 지상1층 102103호 (논현동),장생건강원,202098.3178,445239.8817
서울특별시 강남구 논현동 163-0번지 지상2층 ,서울특별시 강남구 강남대로124길 10 (논현동지상2층),이층집 닭도리탕,202006.1458,445181.7742
서울특별시 강남구 삼성동 140-19 ,서울특별시 강남구 선릉로100길 32 1층 101호 (삼성동),엠티니스,204330.8275,444936.5333
서울특별시 강남구 신사동 540번지 ,서울특별시 강남구 도산대로15길 18 지하 2층 (신사동),빌라레코드,202057.4912,446363.592
서울특별시 강남구 도곡동 419-0 ,서울특별시 강남구 남부순환로378길 8 (도곡동),하루,203961.2808,442616.8606
서울특별시 강남구 대치동 897-5,서울특별시 강남구 선릉로86길 6-6 지상1층 (대치동),서울삼겹,204388.5931,444505.0902
서울특별시 강남구 신사동 536-1번지 지상5층 ,서울특별시 강남구 도산대로11길 22 (신사동지상5층),모르나,201934.2619,446294.2411
서울특별시 강남구 대치동 942-17번지 ,서울특별시 강남구 테헤란로84길 18 (대치동),제이제이비어,205109.0472,444864.1528
서울특별시 강남구 대치동 894번지 ,서울특별시 강남구 삼성로85길 33 지상2층 202호 (대치동),밤장어,204776.5483,444677.643
서울특별시 강남구 역삼동 639 역삼힐스,서울특별시 강남구 논현로97길 23 102동 지상1층 101호 (역삼동 역삼힐스),배드라핀,202924.0732,444508.7442
서울특별시 강남구 신사동 528-4번지 지상1층중층 ,서울특별시 강남구 압구정로 110 (신사동지상1층중층),개미집,201782.1012,446748.0672
서울특별시 강남구 역삼동 690-11번지 ,서울특별시 강남구 봉은사로44길 61 1층 (역삼동),연 YEON,203679.4456,444841.0978
서울특별시 강남구 논현동 164 영동빌딩 ,서울특별시 강남구 강남대로 520 영동빌딩 지상1층 106108호 (논현동),우기식당 육지2호점,201962.8388,445158.312
서울특별시 강남구 신사동 525-13 지상1층101102호 ,서울특별시 강남구 압구정로4길 13-13 (신사동지상1층101102호),르포트 13,201799.8716,446679.2061
서울특별시 강남구 청담동 95-15번지 지상2층 ,서울특별시 강남구 압구정로72길 22 지상2층 (청담동),볼트스테이크하우스(Vault steak house),203905.7515,446976.7192
서울특별시 강남구 청담동 128-3번지 ,서울특별시 강남구 도산대로101길 28 지하1층 (청담동),노마드,204654.9101,447147.0
서울특별시 강남구 청담동 91-3 지상1층 ,서울특별시 강남구 선릉로152길 30 지상1층 (청담동),벨뷰,203636.1893,446884.3207
서울특별시 강남구 신사동 578-1번지 ,서울특별시 강남구 논현로175길 11 지상1층 (신사동),컴스고스(comesgoes),202368.8854,447078.0534
서울특별시 강남구 역삼동 636-16 ,서울특별시 강남구 강남대로94길 57 지하1층 (역삼동),하이푸드,202749.3133,444267.5336
서울특별시 강남구 역삼동 700-14 ,서울특별시 강남구 언주로98길 12 지하1층 (역삼동),앨리스(Alice),203702.1535,444745.3627
서울특별시 강남구 청담동 89-5 지하1층 ,서울특별시 강남구 도산대로57길 18 지하1층 (청담동),겟올라잇,203607.9347,446944.6037
서울특별시 강남구 청담동 125-16 용강빌딩 ,서울특별시 강남구 도산대로 535 지상4층 (청담동),버틀러,204526.0821,446991.1995
서울특별시 강남구 역삼동 813-3 ,서울특별시 강남구 봉은사로4길 32 지하1층 (역삼동),이썸,202287.325,444507.6212
서울특별시 강남구 신사동 657-36 ,서울특별시 강남구 선릉로157길 13 지하1층 (신사동),오르빗,203354.3857,447075.2412
서울특별시 강남구 역삼동 817-34번지 지상3층 ,서울특별시 강남구 강남대로98길 14 (역삼동지상3층),가가린 철우 사주카페,202392.0046,444276.6357
서울특별시 강남구 역삼동 817-34번지 지상3층 ,서울특별시 강남구 강남대로98길 14 (역삼동지상3층),가가린 철우 사주카페,202392.0046,444276.6357
서울특별시 강남구 역삼동 828-28 역삼동 EG SoulLeader ,서울특별시 강남구 테헤란로14길 34 지상1층 상가103호상가104호 (역삼동 역삼동 EG SoulLeader),에이치(H),202903.7986,443888.8268
서울특별시 강남구 청담동 88-29 ,서울특별시 강남구 도산대로57길 13-4 2층 (청담동),레솔베르청담점,203553.4504,446939.8043
서울특별시 강남구 청담동 95-15번지 지하1층지상1층 ,서울특별시 강남구 압구정로72길 22 지하1 지상1층 (청담동),볼트82(Vault82),203905.7515,446976.7192
서울특별시 강남구 신사동 518-8 ,서울특별시 강남구 강남대로158길 46 지상1층 101호 (신사동),투헌드레드,201889.9267,446409.9842
서울특별시 강남구 개포동 171-0번지 지상1층 ,서울특별시 강남구 선릉로16길 6 지상1층 (개포동),어시장,205246.3781,442405.1353
서울특별시 강남구 신사동 576-3번지 지하1층 ,서울특별시 강남구 압구정로28길 22-9 (신사동지하1층),피터폴앤드메리,202297.4819,446978.0023
서울특별시 강남구 역삼동 818-10 역삼동빌딩 ,서울특별시 강남구 강남대로94길 19 역삼동빌딩 지상1층 (역삼동),보배반점 강남직영점,202473.7547,444164.4319
서울특별시 강남구 신사동 665-8,서울특별시 강남구 선릉로153길 8 지하1층 (신사동),내외 압구정본점,203365.2806,446970.8073
서울특별시 강남구 역삼동 790-9 ,서울특별시 강남구 논현로 337 지하1층 B102호 (역삼동),디너플렉스,203396.63,443670.52
서울특별시 강남구 역삼동 816-4번지 재영빌딩 지상5층 ,서울특별시 강남구 강남대로96길 5 (역삼동재영빌딩 지상5층),어글리,202357.9177,444180.1842
서울특별시 강남구 역삼동 735-37 삼정빌딩 지하1층,서울특별시 강남구 테헤란로20길 20 (역삼동삼정빌딩 지하1층),아레나(ARENA),202982.4758,444015.1399
서울특별시 강남구 역삼동 823-9번지 지하1층 ,서울특별시 강남구 테헤란로8길 11-8 (역삼동지하1층),비틀즈,202776.7954,443990.7613
서울특별시 강남구 청담동 57번지 지하1층 ,서울특별시 강남구 도산대로98길 11 지하1층 (청담동),재즈잇업,204474.2512,446837.8285
서울특별시 강남구 도곡동 458-10 ,서울특별시 강남구 남부순환로378길 34-10 지상1층 (도곡동),더 쿤스트,204016.8053,442422.0082
서울특별시 강남구 역삼동 827-67번지 ,서울특별시 강남구 테헤란로8길 46 (역삼동),프리버드이(2),202780.1268,443740.0451
서울특별시 강남구 신사동 541-14번지 202호,서울특별시 강남구 도산대로13길 14-4 202호 (신사동),라멘모토,202017.1743,446294.3289
서울특별시 강남구 신사동 665-1번지 ,서울특별시 강남구 선릉로 823 지하2층 (신사동),한양푸드,203403.4596,447041.8566
서울특별시 강남구 대치동 999-2,서울특별시 강남구 테헤란로114길 20 지상2층 201~202호 (대치동),파크하얏트서울 오프사이트 이벤트,205828.5597,445126.3944
서울특별시 강남구 신사동 546-20번지 2층 ,서울특별시 강남구 압구정로14길 32 (신사동 2층),페타테,201989.1245,446671.3274
서울특별시 강남구 논현동 145-1 ,서울특별시 강남구 학동로4길 33 지상1층 4호 (논현동),세이브포인트,202043.7889,445237.7793
서울특별시 강남구 신사동 546-3번지 ,서울특별시 강남구 압구정로12길 27 (신사동),판도라,201958.9411,446657.0499
서울특별시 강남구 신사동 651-4 ,서울특별시 강남구 도산대로45길 10-4 지하1층 (신사동),문리버클래식바,203127.773,446766.6217
서울특별시 강남구 신사동 651-8 하늬솔빌딩,서울특별시 강남구 도산대로45길 10-8 하늬솔빌딩 지하1층 (신사동),욜라운지,203160.4356,446778.4693
서울특별시 강남구 신사동 594-13,서울특별시 강남구 도산대로37길 21 1층 (신사동),캐비스트리,202685.9039,446695.0114
서울특별시 강남구 논현동 209-5 ,서울특별시 강남구 학동로38길 6 (논현동),마마,202962.9957,445815.0736
서울특별시 강남구 역삼동 825-24 ,서울특별시 강남구 강남대로84길 15 2층 209호 (역삼동),위스키 바움,202562.7319,443869.2751
서울특별시 강남구 청담동 18-2,서울특별시 강남구 선릉로148길 52-5 지하1층 (청담동),보이드,203820.6464,446717.1311
서울특별시 강남구 역삼동 817-34번지 지상3층 ,서울특별시 강남구 강남대로98길 14 (역삼동지상3층),가가린 철우 사주카페,202392.0046,444276.6357
서울특별시 강남구 역삼동 817-34번지 지상3층 ,서울특별시 강남구 강남대로98길 14 (역삼동지상3층),가가린 철우 사주카페,202392.0046,444276.6357
서울특별시 강남구 역삼동 837-13번지 ,서울특별시 강남구 강남대로66길 14 지상1층 104호 (역삼동),더위스키( the whisky ),202746.0401,443281.217
서울특별시 강남구 신사동 666-25번지 지하1층 ,서울특별시 강남구 도산대로53길 14 (신사동지하1층),전자신발,203338.7451,446868.47
서울특별시 강남구 논현동 33 ,서울특별시 강남구 도산대로26길 23 지하1층  B01호 (논현동),더33,202424.5947,446158.2444
서울특별시 강남구 도곡동 411 빌딩 숨,서울특별시 강남구 논현로 176 빌딩 숨 지상1층 (도곡동),뮤잇,203621.8448,442563.6408
서울특별시 강남구 대치동 896-9번지 지하1층 ,서울특별시 강남구 선릉로86길 28 지하1층 (대치동),녹스(NOX),204533.707,444597.7418
서울특별시 강남구 역삼동 790-10 청연빌딩,서울특별시 강남구 논현로71길 6 청연빌딩 지상1층 (역삼동),마론,203376.52,443662.86
서울특별시 강남구 역삼동 817-34번지 지상3층 ,서울특별시 강남구 강남대로98길 14 (역삼동지상3층),가가린 철우 사주카페,202392.0046,444276.6357
서울특별시 강남구 삼성동 152-55 2층 ,서울특별시 강남구 삼성로104길 18 (삼성동2층),신라양꼬치,204903.9542,445422.0103
서울특별시 강남구 역삼동 707-34 한신인터밸리24빌딩,서울특별시 강남구 테헤란로 322 한신인터밸리24빌딩 지하2층 B104호 (역삼동),오늘도 빙수 강남점,204044.7899,444529.8404
서울특별시 강남구 삼성동 153-28번지 지상2층 ,서울특별시 강남구 삼성로104길 28 지상2층 (삼성동),도쿄째즈,204967.0666,445447.2332
서울특별시 강남구 논현동 60-8번지 ,서울특별시 강남구 도산대로 216 지상1 2층 (논현동),씬(ssiin),202624.9215,446421.0368
서울특별시 강남구 신사동 638-2 ,서울특별시 강남구 압구정로 306 지하1층 6호 (신사동),쎄쎄쎄푸드빌리지,202993.4378,447400.3036
서울특별시 강남구 청담동 134-20 청담 삼익상가 ,서울특별시 강남구 학동로101길 26 청담 삼익상가 지상1층 163호 (청담동),몰트앤캐스트 molt and cast,205034.1584,446675.9324
서울특별시 강남구 역삼동 793-43번지 ,서울특별시 강남구 도곡로13길 8 1층 103호 (역삼동),지코바,203168.2295,443289.0376
서울특별시 강남구 삼성동 159-7번지 현대백화점 ,서울특별시 강남구 테헤란로 517 현대백화점 지하1층 (삼성동),번패티번 현대백화점 무역센터점,205210.3588,445154.4223
서울특별시 강남구 역삼동 677-5 남전타운 ,서울특별시 강남구 언주로93길 21 남전타운 지하1층 (역삼동),르네상스 티파니,203495.9292,444569.7869
서울특별시 강남구 삼성동 156-6번지 1층 ,서울특별시 강남구 삼성로96길 3 1층 (삼성동),문배동육칼(삼성점),204893.9948,445173.0048
서울특별시 강남구 역삼동 817-34번지 지상3층 ,서울특별시 강남구 강남대로98길 14 (역삼동지상3층),가가린 철우 사주카페,202392.0046,444276.6357
서울특별시 강남구 역삼동 817-21 일우빌딩지상6층 ,서울특별시 강남구 강남대로96길 17 (역삼동일우빌딩지상6층),클럽맘보,202441.5187,444214.652
서울특별시 강남구 논현동 22-0번지 논현(아)201동지하1층10호 ,서울특별시 강남구 강남대로146길 28 (논현동논현(아)201동지하1층10호),심플,201934.4076,445832.3372
서울특별시 강남구 역삼동 699-14 ,서울특별시 강남구 언주로98길 15 지상1층 (역삼동),메이크 샐러드 선릉점,203744.042,444759.2639
서울특별시 강남구 역삼동 827-69번지 ,서울특별시 강남구 강남대로78길 33 지하1층 (역삼동),세븐,202758.9551,443716.9088
서울특별시 강남구 역삼동 641-15 상준빌딩 ,서울특별시 강남구 테헤란로25길 26 지상1층 (역삼동 상준빌딩),수에뉴(sueno),203067.495,444451.555
서울특별시 강남구 청담동 100-16 명성빌딩,서울특별시 강남구 압구정로73길 5 명성빌딩 지하1층 (청담동),아우라,204016.5339,447159.557
서울특별시 강남구 삼성동 169-6번지 라스칼라 ,서울특별시 강남구 테헤란로103길 10 12층 (삼성동),더킹브로잉컴퍼니,205625.2739,445333.5175
서울특별시 강남구 역삼동 817-18 ,서울특별시 강남구 강남대로96길 15 지하1층 (역삼동),하이퍼,202427.4911,444209.2755
서울특별시 강남구 역삼동 817-18 ,서울특별시 강남구 강남대로96길 15 지하1층 (역삼동),하이퍼,202427.4911,444209.2755
서울특별시 강남구 역삼동 635-13 ,서울특별시 강남구 강남대로94길 27 지상2층 201호 (역삼동),마유유 강남역점,202534.7533,444185.7883
서울특별시 강남구 신사동 576-3번지 지하1층 ,서울특별시 강남구 압구정로28길 22-9 (신사동지하1층),피터폴앤드메리,202297.4819,446978.0023
서울특별시 강남구 논현동 209-3번지 ,서울특별시 강남구 학동로 228 (논현동),클럽하우스,202938.113,445827.4349
서울특별시 강남구 역삼동 708-1번지 ,서울특별시 강남구 테헤란로 328 지하1층 101호102호 (역삼동 동우빌딩),토종시골집,204142.44,444617.02
서울특별시 강남구 삼성동 77-28 ,서울특별시 강남구 영동대로115길 15 지상1 2층 (삼성동),헤븐몰,205118.6677,445806.6071
서울특별시 강남구 신사동 551-35 ,서울특별시 강남구 논현로161길 49 지하1층 B01호 (신사동),코모루,202084.1385,446702.4138
서울특별시 강남구 논현동 63-9번지 ,서울특별시 강남구 언주로149길 5-3 (논현동),요기당,202916.7469,446456.8889
서울특별시 강남구 신사동 661-12번지 지하1층 ,서울특별시 강남구 압구정로50길 5-10 (신사동지하1층),노른자,203384.2609,447267.2009
서울특별시 강남구 역삼동 751-17,서울특별시 강남구 역삼로 137 지상3층 301호 (역삼동),금선,202978.9463,443595.9848
서울특별시 강남구 역삼동 817-34번지 지상3층 ,서울특별시 강남구 강남대로98길 14 (역삼동지상3층),가가린 철우 사주카페,202392.0046,444276.6357
서울특별시 강남구 신사동 524-22번지 ,서울특별시 강남구 압구정로4길 13-12 1층 (신사동),뮬라,201815.8543,446641.1237
서울특별시 강남구 개포동 186-12번지 지상1층 ,서울특별시 강남구 개포로82길 7 지상1층 2호 (개포동),뻑꺼구이촌,205884.3741,442955.2669
서울특별시 강남구 역삼동 747-10번지 ,서울특별시 강남구 논현로75길 13 (역삼동),닭갈비두목,203266.8108,443782.1934
서울특별시 강남구 논현동 242-14 GOOD ,서울특별시 강남구 선릉로127길 10 GOOD 지하1층 (논현동),지안정,203541.9893,445931.575
서울특별시 강남구 역삼동 825-24 ,서울특별시 강남구 강남대로84길 15 지하1층 B126호 (역삼동),박과장 떡볶이,202562.7319,443869.2751
서울특별시 강남구 논현동 242-22 미림빌딩 ,서울특별시 강남구 선릉로129길 9-7 미림빌딩 지상1층 (논현동),한사발포차,203556.9249,445954.8432
서울특별시 강남구 신사동 512-18 ,서울특별시 강남구 강남대로152길 13 지상1층 (신사동),신사숙녀,201742.6635,446130.8692
서울특별시 강남구 역삼동 669-2번지 지상1층 ,서울특별시 강남구 논현로98길 12 지상1층 (역삼동),전봇대,203186.335,444612.58
서울특별시 강남구 논현동 163-12 환희빌딩,서울특별시 강남구 학동로2길 55 환희빌딩 지상1층 (논현동),계승집,202036.7562,445098.4904
서울특별시 강남구 논현동 182-28번지 지상1층 ,서울특별시 강남구 봉은사로1길 32 지상1층 (논현동),김봉남포차 영동시장점,202094.9439,444956.8285
서울특별시 강남구 역삼동 682-16번지 ,서울특별시 강남구 선릉로107길 4 1층 (역삼동),후웨이즈텐카민(Huis ten carmine),203803.4864,445225.3052
서울특별시 강남구 신사동 658 로데오현대상가 109호 ,서울특별시 강남구 압구정로50길 28 (신사동로데오현대상가 109호),밀크포차,203221.941,447193.6445
서울특별시 강남구 역삼동 825-24번지 ,서울특별시 강남구 강남대로84길 15 지하1층 B128B129(1/2)호 (역삼동 강남역효성해링턴타워더퍼스트),빨봉분식,202562.7319,443869.2751
서울특별시 강남구 도곡동 942-9 ,서울특별시 강남구 강남대로58길 19 1층 (도곡동),고래똥,202908.5511,443054.6911
서울특별시 강남구 신사동 502-1 비율라빌딩 ,서울특별시 강남구 강남대로 628 비율라빌딩 지상2층 (신사동),무지개포차,201653.2075,446184.4291
서울특별시 강남구 논현동 233번지 ,서울특별시 강남구 논현로114길 14 1층 (논현동),돼지연구소(2호점),202989.3647,445162.987
서울특별시 강남구 삼성동 40-9번지 ,서울특별시 강남구 선릉로112길 31 지상1층 101호 (삼성동),철수포차,203999.0683,445523.6614
서울특별시 강남구 대치동 66-0번지 ,서울특별시 강남구 영동대로 210 (대치동),욕지도횟집,206228.0746,443988.3864
서울특별시 강남구 역삼동 635-4번지 지상1층 ,서울특별시 강남구 테헤란로7길 22 (역삼동지상1층),얼큰이 찌게마을 역삼점,202658.6222,444251.0707
서울특별시 강남구 논현동 98-12 청호불교문화원 ,서울특별시 강남구 언주로148길 14 청호불교문화원 라동 1층 113호 (논현동),달잔,203121.2036,446464.38
서울특별시 강남구 역삼동 740,서울특별시 강남구 테헤란로20길 25 지상2층 (역삼동),명성 양갈비전문점,203019.119,443994.0409
서울특별시 강남구 신사동 648-9번지 산딸기빌딩 ,서울특별시 강남구 도산대로49길 17 산딸기빌딩 지상4층 (신사동),성지,203202.9373,446878.4891
서울특별시 강남구 대치동 507-1 풍림프라자 ,서울특별시 강남구 남부순환로 2942 풍림프라자 지하1층 149호 (대치동),압구정푸드,205448.46,443488.295
서울특별시 강남구 역삼동 741-11 ,서울특별시 강남구 논현로85길 47 (역삼동),2001강남메밀&돈까스,202971.5176,443975.6181
서울특별시 강남구 도곡동 418-10번지 지하1층 ,서울특별시 강남구 논현로38길 38-3 (도곡동지하1층),이모포차,203915.466,442581.6219
서울특별시 강남구 삼성동 165-0번지 지하1층 ,서울특별시 강남구 영동대로106길 38 (삼성동지하1층),산적포차,205605.2353,445750.9801
서울특별시 강남구 역삼동 817-34번지 지상3층 ,서울특별시 강남구 강남대로98길 14 (역삼동지상3층),가가린 철우 사주카페,202392.0046,444276.6357
서울특별시 강남구 신사동 504-11,서울특별시 강남구 강남대로 652 지상1층 106호 (신사동),콜렉터 제로원,201620.4462,446358.5428
서울특별시 강남구 신사동 508-10번지 ,서울특별시 강남구 강남대로158길 13 지상1층 101호 (신사동),원조옛날순대전문점,201700.6691,446313.0951
서울특별시 강남구 일원동 681-7번지 ,서울특별시 강남구 일원로9길 17 지하1층 (일원동),또바기포차,207269.0257,443078.4866
서울특별시 강남구 논현동 112-14 ,서울특별시 강남구 선릉로131길 18 (논현동),머드내 갈비살,203422.6988,446154.6053
서울특별시 강남구 신사동 627-27번지 ,서울특별시 강남구 언주로153길 10-6 지상12층 (신사동),메이,202794.2396,446765.5282
서울특별시 강남구 신사동 657-4,서울특별시 강남구 선릉로157길 27-4 지상1층 (신사동),하얀상회,203226.4658,447097.4071
서울특별시 강남구 삼성동 106-8 제일빌딩 ,서울특별시 강남구 영동대로112길 9 제일빌딩 지상1층 5호 (삼성동),남도회집이어요,205318.9965,445888.9428
서울특별시 강남구 역삼동 825-24 ,서울특별시 강남구 강남대로84길 15 지하1층 B126호 (역삼동),박과장 떡볶이,202562.7319,443869.2751
서울특별시 강남구 논현동 234-2 ,서울특별시 강남구 논현로114길 10 102호 (논현동),신천할매 떡볶이,202955.3246,445149.3328
서울특별시 강남구 수서동 723-0번지 수서6단지(아)상가지하1층12호 ,서울특별시 강남구 광평로56길 11 (수서동수서6단지(아)상가지하1층12호),쎄바,209229.4829,442795.7508
서울특별시 강남구 대치동 922-23번지 ,서울특별시 강남구 선릉로64길 5 지하1층 (대치동),포차어게인,204586.86,443967.2748
서울특별시 강남구 대치동 1019-12번지 ,서울특별시 강남구 삼성로 229 (대치동),방이샤브칼국수,205336.355,443934.37
서울특별시 강남구 논현동 113-20번지 지상1층 ,서울특별시 강남구 언주로134길 35 (논현동지상1층),꼼터,203323.8487,446121.1925
서울특별시 강남구 역삼동 628-11번지 ,서울특별시 강남구 논현로 535 1층 (역삼동),칠성집,203027.235,444653.705
서울특별시 강남구 역삼동 707-34 한신인터밸리24빌딩,서울특별시 강남구 테헤란로 322 한신인터밸리24빌딩 제지하2층 제비121호 (역삼동),삼탱이시래기밥,204044.7899,444529.8404
서울특별시 강남구 역삼동 825-20번지 강남역 센트럴 푸르지오 시티 ,서울특별시 강남구 테헤란로4길 6 강남역 센트럴 푸르지오 시티 지하2층 B209호 (역삼동),대사시미,202520.9722,443946.8329
서울특별시 강남구 논현동 182-28번지 지상1층 ,서울특별시 강남구 봉은사로1길 32 지상1층 (논현동),김봉남포차 영동시장점,202094.9439,444956.8285
서울특별시 강남구 역삼동 740,서울특별시 강남구 테헤란로20길 25 지상2층 (역삼동),명성 양갈비전문점,203019.119,443994.0409
서울특별시 강남구 대치동 957-22번지 지하1층 ,서울특별시 강남구 삼성로82길 15 (대치동지하1층),성북동왕돈까스,205146.4423,444793.7588
서울특별시 강남구 신사동 539번지 ,서울특별시 강남구 도산대로15길 6 지상1층 (신사동),와라야키 쿠이신보,202063.6027,446263.8066
서울특별시 강남구 논현동 255-10번지 지상1층 ,서울특별시 강남구 봉은사로47길 60 지상1층 (논현동),하연 한정식,203471.0482,445714.734
서울특별시 강남구 역삼동 738-17 ,서울특별시 강남구 논현로85길 5-13 2층 주방1호 (역삼동),여로집,203198.5565,444024.179
서울특별시 강남구 역삼동 655-2 ,서울특별시 강남구 언주로107길 27 지하1층 (역삼동),제곱,203206.7952,445007.8721
서울특별시 강남구 신사동 660-8번지 (지하1층) ,서울특별시 강남구 압구정로 334 (신사동(지하1층)),잘아는밥집,203293.5726,447323.7373
서울특별시 강남구 개포동 1231-11번지 1층 101호,서울특별시 강남구 개포로22길 26 1층 101호 (개포동),생선구이 앤 오리로스 주물럭,204222.2644,441682.582
서울특별시 강남구 논현동 187-4 지하1층 ,서울특별시 강남구 강남대로118길 62 (논현동지하1층),터치쿡이모야두마리찜닭달려라짬뽕,202391.7339,444990.4696
서울특별시 강남구 도곡동 957-11번지 극동스타클래스 ,서울특별시 강남구 남부순환로 2615 지상1층 109호110호 (도곡동 극동스타클래스),정금식당,203092.722,442550.6346
서울특별시 강남구 역삼동 697-11번지 ,서울특별시 강남구 선릉로93길 18 (역삼동),후,204069.1371,444786.1165
서울특별시 강남구 논현동 182-28번지 지상1층 ,서울특별시 강남구 봉은사로1길 32 지상1층 (논현동),김봉남포차 영동시장점,202094.9439,444956.8285
서울특별시 강남구 대치동 901-72,서울특별시 강남구 삼성로75길 26-8 지상1층 (대치동),고래향,204870.6911,444599.1486
서울특별시 강남구 역삼동 834-27 성욱빌딩,서울특별시 강남구 역삼로8길 21 성욱빌딩 지상1층 103호 (역삼동),삼진어묵당 역삼본점,202962.3379,443399.0585
서울특별시 강남구 역삼동 655-4,서울특별시 강남구 언주로107길 25 지하1층 (역삼동),나르샤,203223.0397,445015.797
서울특별시 강남구 삼성동 162-1번지 1층 ,서울특별시 강남구 봉은사로 626 1층 (삼성동),삼정,205581.11,445821.275
서울특별시 강남구 일원동 644-11번지 ,서울특별시 강남구 양재대로55길 5 (일원동),포차친구,207695.5,443230.945
서울특별시 강남구 역삼동 810-3번지 지하1층 ,서울특별시 강남구 봉은사로2길 17 (역삼동지하1층),감성캠핑맥주,202229.3432,444590.1346
서울특별시 강남구 일원동 663-4번지 지상1층 ,서울특별시 강남구 일원로3길 48 지상1층 (일원동),김준석꼬치,207346.0408,443344.6186
서울특별시 강남구 삼성동 151-23 지상1층 ,서울특별시 강남구 삼성로104길 8 (삼성동지상1층),신사골감자탕 삼성점,204822.3516,445386.4134
서울특별시 강남구 논현동 165-17 ,서울특별시 강남구 봉은사로1길 39 1층 101102호 (논현동),유로포차,202046.303,445003.4397
서울특별시 강남구 논현동 184-29,서울특별시 강남구 봉은사로1길 18 지상2층 (논현동),브이로그,202124.9891,444866.3105
서울특별시 강남구 도곡동 416-1 ,서울특별시 강남구 논현로38길 26 (도곡동),오늘와인한잔 매봉역점,203794.93,442565.8956
서울특별시 강남구 역삼동 810-3번지 지하1층 ,서울특별시 강남구 봉은사로2길 17 (역삼동지하1층),감성캠핑맥주,202229.3432,444590.1346
서울특별시 강남구 역삼동 683-36번지 지상2층 ,서울특별시 강남구 선릉로 551 (역삼동지상2층),감자바우,203944.06,445068.045
서울특별시 강남구 대치동 890-38번지 ,서울특별시 강남구 테헤란로70길 16 지상1층 B-2호 (대치동),소노식당,204647.4212,444687.5061
서울특별시 강남구 역삼동 817-34번지 지상3층 ,서울특별시 강남구 강남대로98길 14 (역삼동지상3층),가가린 철우 사주카페,202392.0046,444276.6357
서울특별시 강남구 역삼동 817-21 지상1층 ,서울특별시 강남구 강남대로96길 17 (역삼동지상1층),용용선생 강남역점,202441.5187,444214.652
서울특별시 강남구 역삼동 722 경남아파트 ,서울특별시 강남구 언주로85길 13 상가동 지상1층 113호 (역삼동 경남아파트),부엉이제면소,203671.6457,444263.0752
서울특별시 강남구 신사동 652-5,서울특별시 강남구 도산대로49길 6-5 지상1층 (신사동),다이브에스프레소클럽,203260.0825,446801.9064
서울특별시 강남구 역삼동 832-33번지 성우스타우스오피스텔 ,서울특별시 강남구 역삼로4길 16 성우스타우스오피스텔 지하1층 B06호 (역삼동),김충기 꽃삼겹,202762.269,443356.7877
서울특별시 강남구 역삼동 776-18번지 지상1층104호 ,서울특별시 강남구 논현로68길 4 (역삼동지상1층104호),코페아,203500.9516,443584.8332
서울특별시 강남구 논현동 165-16 호서빌딩 ,서울특별시 강남구 봉은사로1길 37 호서빌딩 2층 (논현동),엔틱정 강남논현점,202051.1112,444990.887
서울특별시 강남구 대치동 896-43 ,서울특별시 강남구 선릉로86길 44 지상1층2층 (대치동),용용선생 선릉점,204641.1513,444641.6056
서울특별시 강남구 신사동 536번지 ,서울특별시 강남구 강남대로156길 46 지상23층 (신사동),회장님댁(신사점),201928.7222,446309.7394
서울특별시 강남구 삼성동 49-11 세창빌딩 ,서울특별시 강남구 봉은사로 467 세창빌딩 지상1층 (삼성동),앙마꼬치,204406.059,445593.1006
서울특별시 강남구 신사동 663-2 ,서울특별시 강남구 압구정로50길 25 지상1층 (신사동),동굴,203285.4275,447152.4058
서울특별시 강남구 역삼동 735-17번지 ,서울특별시 강남구 논현로85길 52 2층 205-1호 (역삼동 역삼푸르지오시티),스시산원(청),202905.3032,443996.9848
서울특별시 강남구 신사동 541-17 ,서울특별시 강남구 가로수길 10 지상2층 (신사동),막이오름 가로수길점,202002.6264,446261.5042
서울특별시 강남구 역삼동 809-2 ,서울특별시 강남구 봉은사로2길 10 지하1층 (역삼동),오술차 강남역점,202184.184,444638.0553
서울특별시 강남구 일원동 663-4번지 지상1층 ,서울특별시 강남구 일원로3길 48 지상1층 (일원동),김준석꼬치,207346.0408,443344.6186
서울특별시 강남구 청담동 118-7 플럭서스 빌딩 ,서울특별시 강남구 압구정로 455 플럭서스 빌딩 지상6층 (청담동),명월당,204077.9248,447066.7996
서울특별시 강남구 신사동 642-18,서울특별시 강남구 압구정로48길 36-2 지상1층2층 (신사동),난동,203170.8003,447107.7636
서울특별시 강남구 대치동 897-13 ,서울특별시 강남구 선릉로86길 10 지상2층 (대치동),연더그레이,204411.8613,444539.629
서울특별시 강남구 신사동 616-2 우미빌딩 ,서울특별시 강남구 압구정로 224 우미빌딩 지상1층 112호 113호 115호 (신사동),원주추어탕,202772.9683,447366.5394
서울특별시 강남구 논현동 182-24 석광빌딩,서울특별시 강남구 강남대로118길 21 석광빌딩 지상2층 (논현동),판판서양주점,202146.8961,444970.2089
서울특별시 강남구 논현동 163-17 상당빌딩,서울특별시 강남구 강남대로122길 15 상당빌딩 지상1층 101호 (논현동),우슴,202066.6944,445103.8044
서울특별시 강남구 역삼동 699-8번지 ,서울특별시 강남구 언주로98길 11 지상1층 (역삼동),접객,203714.5098,444766.0601
서울특별시 강남구 신사동 662-15,서울특별시 강남구 선릉로161길 15 1층 (신사동),와일드버팔로,203395.4253,447220.441
서울특별시 강남구 대치동 936-31 ,서울특별시 강남구 선릉로 310 (대치동),전가 BY 서초집,204614.1344,443913.7782
서울특별시 강남구 세곡동 615 드림하이 오피스텔,서울특별시 강남구 헌릉로569길 21-30 드림하이 오피스텔 지상1층 107호108호 (세곡동),나와,208829.0585,440468.0969
서울특별시 강남구 대치동 945-22번지 ,서울특별시 강남구 영동대로85길 20-5 (대치동),봉남이네,205386.1735,445008.1309
서울특별시 강남구 신사동 666-20 지상1층101호 ,서울특별시 강남구 도산대로53길 10 (신사동지상1층101호),모시모시,203331.1113,446835.9987
서울특별시 강남구 논현동 163-2번지 1층 ,서울특별시 강남구 강남대로124길 12 1층 (논현동),대동집 서울논현점,202018.9604,445181.7548
서울특별시 강남구 도곡동 517-5번지 1층 ,서울특별시 강남구 논현로30길 32 (도곡동1층),국빈,203866.8818,442460.5904
서울특별시 강남구 논현동 118-21번지 ,서울특별시 강남구 학동로53길 3-10 지상2층 (논현동),루이스카페,203423.7122,446101.8107
서울특별시 강남구 신사동 534-22,서울특별시 강남구 강남대로160길 49 지상2층 (신사동),신사몽,201929.3036,446494.4665
서울특별시 강남구 신사동 649-7번지 아크로스 빌딩 ,서울특별시 강남구 언주로164길 24 아크로스 빌딩 지상5층 (신사동),임프레션,203067.3007,447014.371
서울특별시 강남구 삼성동 154번지 ,서울특별시 강남구 테헤란로83길 36 지상1층 (삼성동),라이언위스키,204967.3726,445285.5471
서울특별시 강남구 신사동 664-8 삼희빌딩 ,서울특별시 강남구 선릉로 837 삼희빌딩 지하1층 (신사동),베이스먼트원,203471.5172,447181.18
서울특별시 강남구 역삼동 837-18 서희스타힐스오피스텔 ,서울특별시 강남구 도곡로3길 19 서희스타힐스오피스텔 지상1층 108호 (역삼동),블리스 버거 뱅뱅사거리점,,
서울특별시 강남구 논현동 6 보코서울강남(가족호텔) ,서울특별시 강남구 도산대로 144 보코서울강남(가족호텔) 지하12층 (논현동),용창산업(주) 보코서울강남,202108.4338,446160.6182
서울특별시 강남구 논현동 164 ,서울특별시 강남구 강남대로 520 지상1층 105호 (논현동),노가리슈퍼,201962.8388,445158.312
서울특별시 강남구 논현동 114-13번지 ,서울특별시 강남구 학동로41길 14 (논현동),안방,203144.806,446081.0478
서울특별시 강남구 삼성동 154번지 ,서울특별시 강남구 테헤란로83길 36 지상1층 (삼성동),라이언위스키,204967.3726,445285.5471
서울특별시 강남구 청담동 93-13 EMPRESS빌딩,서울특별시 강남구 도산대로67길 13-3 EMPRESS빌딩 지하1층 (청담동),먼데이투선데이,203831.5146,446953.274
서울특별시 강남구 대치동 945-16번지 지하1층 ,서울특별시 강남구 영동대로85길 18 (대치동지하1층),한울타리,205430.8832,444996.2728
서울특별시 강남구 역삼동 817-34번지 지상3층 ,서울특별시 강남구 강남대로98길 14 (역삼동지상3층),가가린 철우 사주카페,202392.0046,444276.6357
서울특별시 강남구 역삼동 669-9 ,서울특별시 강남구 봉은사로30길 73 지상2층 6호 (역삼동),쏘딜리셔스 키친,203211.8592,444523.6939
서울특별시 강남구 대치동 901-23 ,서울특별시 강남구 삼성로81길 43 지상2층 3호 (대치동),실하다 푸드 Lab 대치,204729.8538,444596.8721
서울특별시 강남구 논현동 241-16 지상1층,서울특별시 강남구 학동로50길 7 (논현동지상1층),본스치킨,203472.0061,446003.9858
서울특별시 강남구 신사동 519-13번지 ,서울특별시 강남구 강남대로160길 42 3층 (신사동),시그니처,201881.8245,446457.7015
서울특별시 강남구 신사동 561-8번지 ,서울특별시 강남구 도산대로17길 10 1층 (신사동),모던오뎅,202134.1208,446353.0237
서울특별시 강남구 대치동 896-47번지 지하1층 ,서울특별시 강남구 선릉로86길 44-5 (대치동지하1층),요리가 있는 술집,204672.8252,444616.1071
서울특별시 강남구 논현동 112-14번지 지상1층 ,서울특별시 강남구 선릉로131길 18 (논현동지상1층),풍산뜰,203422.6988,446154.6053
서울특별시 강남구 신사동 588-21 ,서울특별시 강남구 도산대로 217 13층 (신사동),뷰,202630.825,446511.985
서울특별시 강남구 논현동 225-6 논현 아이파크,서울특별시 강남구 언주로 615 논현 아이파크 103동 지하1층 B132호 (논현동),아프릴로,203108.3618,445369.4291
서울특별시 강남구 신사동 620-3 지상1층,서울특별시 강남구 압구정로36길 22 (신사동지상1층),웨스턴차이나,202708.7689,447212.2191
서울특별시 강남구 논현동 97-26 ,서울특별시 강남구 언주로150길 14 지하2층 1호 (논현동),리움,203069.2121,446531.9041
서울특별시 강남구 논현동 95-16번지 지하1층 ,서울특별시 강남구 도산대로50길 13 (논현동 지하1층),플라워,203262.2602,446597.0724
서울특별시 강남구 신사동 525-19번지 ,서울특별시 강남구 논현로175길 101 (신사동),챕터1(Chapter1),201801.9219,446716.8617
서울특별시 강남구 역삼동 752-53번지 지상1층 ,서울특별시 강남구 역삼로 129 지상1층 (역삼동),에키야(역삼점),202922.8148,443574.474
서울특별시 강남구 신사동 656-1 ,서울특별시 강남구 선릉로155길 27 지상2층 (신사동),지세븐(G 7),203228.0616,447044.0511
서울특별시 강남구 논현동 268-10 ,서울특별시 강남구 봉은사로51길 20 지상1층 (논현동),티스파,203705.6304,445468.9943
서울특별시 강남구 신사동 655-6 ,서울특별시 강남구 도산대로53길 29 지하1층 (신사동),판,203350.034,446990.37
서울특별시 강남구 삼성동 144-14 채널리저브 ,서울특별시 강남구 삼성로 517 지상1층 104호 (삼성동 채널리저브),숫돌,204828.1804,445089.6729
서울특별시 강남구 도곡동 467-29번지 타워3차S동스포츠센타지상1층 ,서울특별시 강남구 언주로30길 26 지상1층 (도곡동 타워3차동스포츠센타),야마모도스시,204602.5634,442794.5745
서울특별시 강남구 삼성동 150-21번지 지상1층 ,서울특별시 강남구 삼성로104길 7 (삼성동지상1층),한탕,204811.7927,445410.9511
서울특별시 강남구 역삼동 826-37번지 쌍용플래티넘밸류 지하1층 125호 ,서울특별시 강남구 테헤란로4길 46 (역삼동쌍용플래티넘밸류 지하1층 125호),아트스시,202619.0981,443688.6917
서울특별시 강남구 역삼동 619-30 선영빌딩1층,서울특별시 강남구 봉은사로18길 90 (역삼동선영빌딩1층),한라맥주 강남점,202379.9568,444295.9247
서울특별시 강남구 역삼동 635-5 ,서울특별시 강남구 테헤란로5길 36 지하1층 (역삼동),엘라(ELAH),202499.3993,444294.5293
서울특별시 강남구 역삼동 817-15 지하1층 ,서울특별시 강남구 테헤란로1길 28-6 지하층 (역삼동),나즈드라비,202404.8402,444226.5484
서울특별시 강남구 논현동 230-18번지 ,서울특별시 강남구 언주로113길 16 (논현동),금보성,203111.9923,445234.6523
서울특별시 강남구 역삼동 818-1 ,서울특별시 강남구 강남대로96길 12 B동 1층 (역삼동),크래프트한스강남,202405.4773,444167.8972
서울특별시 강남구 신사동 544-22번지 ,서울특별시 강남구 도산대로17길 33 지상1층 (신사동),미켈러바코리아,202047.0367,446511.688
서울특별시 강남구 삼성동 159 코엑스 ,서울특별시 강남구 영동대로 513 코엑스 지상1층 (삼성동),데블스도어 코엑스점,205130.5917,445590.0968
서울특별시 강남구 역삼동 637-29 ,서울특별시 강남구 테헤란로19길 21 지하1층 (역삼동),블루밍,202852.1699,444358.7199
서울특별시 강남구 신사동 514-4 ,서울특별시 강남구 강남대로152길 28 지하1층 (신사동),세로수맥주창고,201849.4599,446154.746
서울특별시 강남구 대치동 896-34번지 ,서울특별시 강남구 선릉로86길 40 2층 (대치동),88노가리 선릉점,204610.1685,444628.6712
서울특별시 강남구 신사동 644-10번지 ,서울특별시 강남구 언주로168길 23 2층 (신사동),구월당,203068.9265,447112.4482
서울특별시 강남구 신사동 660-8 ,서울특별시 강남구 압구정로 334 지상1층 110호 (신사동),노가리슈퍼 압구정로데오점,203293.5726,447323.7373
서울특별시 강남구 삼성동 158-4번지 ,서울특별시 강남구 테헤란로83길 14 1층 106호 (삼성동 삼성역두산위브센티움),칼리가리박사의밀실 삼성,205048.4068,445141.2451
서울특별시 강남구 논현동 164-14 원창빌딩 ,서울특별시 강남구 학동로2길 56 원창빌딩 1층 103호 (논현동),오늘맥주한잔,202017.7656,445083.1904
서울특별시 강남구 자곡동 619,서울특별시 강남구 자곡로3길 21 상가3동 지2층 비207호 (자곡동 엘에이치강남힐스테이트),강남호프,207775.5316,441014.8109
서울특별시 강남구 신사동 660-8 ,서울특별시 강남구 압구정로 334 지상1층 110호 (신사동),노가리슈퍼 압구정로데오점,203293.5726,447323.7373
서울특별시 강남구 논현동 242-7번지 지상2층 ,서울특별시 강남구 선릉로129길 15 지상2층 (논현동),오비어,203493.4698,445974.2721
서울특별시 강남구 대치동 889-72 지하1층 ,서울특별시 강남구 선릉로86길 17 (대치동지하1층),펀앤드펍 & 스파게티스토리,204446.3106,444593.1462
서울특별시 강남구 논현동 143-9번지 지상1층 ,서울특별시 강남구 강남대로124길 3-9 지상1층 (논현동),비어라이제,201948.1217,445234.6337
서울특별시 강남구 도곡동 902-2 ,서울특별시 강남구 남부순환로363길 16 지상1층 108호 (도곡동),더펍사운드온 양재도곡점,203304.6845,442693.0391
서울특별시 강남구 청담동 68-15번지 ,서울특별시 강남구 학동로97길 36-4 1층 (청담동),더제이케이키친박스 청담점,204794.6383,446662.8606
서울특별시 강남구 신사동 657-32번지 ,서울특별시 강남구 도산대로51길 40 지상3층 302호 (신사동),겜지노,203315.2613,447057.3622
서울특별시 강남구 대치동 989-10번지 ,서울특별시 강남구 도곡로84길 6 2층 202호 (대치동),언플러그드,205456.995,444083.625
서울특별시 강남구 청담동 18-23번지 ,서울특별시 강남구 도산대로66길 13 지상1층 (청담동),오젠,203856.7969,446723.6071
서울특별시 강남구 논현동 193-9 ,서울특별시 강남구 봉은사로25길 15 지상1층 (논현동),한가김밥,202772.8041,445101.6292
서울특별시 강남구 논현동 183-2 ,서울특별시 강남구 강남대로118길 14 3층 (논현동),헌터스 홀덤펍 신논현,202120.7355,444915.3848
서울특별시 강남구 역삼동 696-2번지 지상1층 ,서울특별시 강남구 테헤란로53길 18 (역삼동지상1층),레드비틀,204066.4691,444824.9453
서울특별시 강남구 청담동 84-19 청담SM빌딩 ,서울특별시 강남구 선릉로160길 7 청담SM빌딩 지상2층 (청담동),시즈너 랩,203546.5609,447125.0485
서울특별시 강남구 역삼동 726-9번지 ,서울특별시 강남구 논현로80길 9 지하1층 (역삼동),언더씨유,203386.6121,444001.8854
서울특별시 강남구 논현동 242-7번지 지상2층 ,서울특별시 강남구 선릉로129길 15 지상2층 (논현동),오비어,203493.4698,445974.2721
서울특별시 강남구 삼성동 149-26번지 지상1층 ,서울특별시 강남구 삼성로104길 11 (삼성동지상1층),본투비,204846.5017,445425.7242
서울특별시 강남구 대치동 891-48번지 돌채타워지상2층 ,서울특별시 강남구 테헤란로78길 14-11 (대치동돌채타워지상2층),몰타참치,204765.635,444751.96
서울특별시 강남구 논현동 242-9번지 지하1층 ,서울특별시 강남구 선릉로129길 13 지하1층 (논현동),맥주창고플러스,203510.7218,445983.106
서울특별시 강남구 도곡동 91-5번지 동관 제01호 ,서울특별시 강남구 남부순환로 2803 (도곡동동관 제01호),비어캐슬,204409.7056,443065.5495
서울특별시 강남구 논현동 118-4 ,서울특별시 강남구 선릉로131길 11 지상1층 101호 (논현동),해거름,203452.2684,446132.6146
서울특별시 강남구 논현동 144-0번지 신도빌딩 지상3층 ,서울특별시 강남구 강남대로128길 10 (논현동신도빌딩 지상3층),쭈꾸미 한상,201972.4365,445286.1897
서울특별시 강남구 신사동 664-8 삼희빌딩 ,서울특별시 강남구 선릉로 837 삼희빌딩 지하1층 (신사동),베이스먼트원,203471.5172,447181.18
서울특별시 강남구 삼성동 158-7,서울특별시 강남구 삼성로92길 23 (삼성동),와바삼성1호점,205080.4551,445113.6788
서울특별시 강남구 삼성동 170-7,서울특별시 강남구 테헤란로107길 6 1층 (삼성동 두양빌딩),봉구비어 삼성동점,205732.7225,445340.6889
서울특별시 강남구 논현동 66-6,서울특별시 강남구 도산대로30길 16 지상1층 (논현동),키친드로우,202542.4018,446295.0869
서울특별시 강남구 논현동 161-7번지 ,서울특별시 강남구 강남대로124길 30 지상1층 104호 (논현동),영동주간,202133.8084,445223.4874
서울특별시 강남구 역삼동 837-7번지 ,서울특별시 강남구 강남대로62길 7 (역삼동),치어스(뱅뱅사거리점),202771.8753,443142.4321
서울특별시 강남구 개포동 186-8번지 지상1층105호 ,서울특별시 강남구 개포로82길 9-17 지상1층 105호 (개포동),노가리청춘,205986.1266,442985.9148
서울특별시 강남구 역삼동 839-4번지 지상1층 104호 ,서울특별시 강남구 강남대로62길 30 지상1층 104호 (역삼동),칸꼬시,202940.3345,443174.1945
서울특별시 강남구 논현동 88-4번지 ,서울특별시 강남구 논현로132길 24 (논현동),베이직피자,202792.5597,445881.0737
서울특별시 강남구 논현동 6-17 ES힐스,서울특별시 강남구 도산대로24길 4 지하1층 B101호 (논현동 ES힐스),겨울바다,202257.3172,446246.0103
서울특별시 강남구 대치동 894,서울특별시 강남구 삼성로85길 33 지상1층 103호 (대치동),선릉 주민센타,204776.5483,444677.643
서울특별시 강남구 신사동 518-12번지 지상1층 ,서울특별시 강남구 도산대로11길 31-4 지상1층 (신사동),가로수 브루잉 컴퍼니,201873.5251,446367.1953
서울특별시 강남구 대치동 968-4번지 동원빌딩 ,서울특별시 강남구 영동대로 333 동원빌딩 지하1층 (대치동),아선재,205665.3835,444657.7284
서울특별시 강남구 신사동 589-21번지 지상12층 ,서울특별시 강남구 도산대로35길 16 지상12층 (신사동),589(오팔구),202636.3212,446617.3232
서울특별시 강남구 역삼동 817-34번지 지상3층 ,서울특별시 강남구 강남대로98길 14 (역삼동지상3층),가가린 철우 사주카페,202392.0046,444276.6357
서울특별시 강남구 논현동 143-16번지 3층 ,서울특별시 강남구 강남대로124길 3-6 3층 (논현동),태권브이,201962.8529,445211.5278
서울특별시 강남구 역삼동 700-24번지 ,서울특별시 강남구 언주로94길 9-6 지상1층 (역삼동),별족발(STAR JOKBAL),203746.9031,444724.0108
서울특별시 강남구 도곡동 544-4번지 1층 ,서울특별시 강남구 도곡로 192 (도곡동1층),을지로골뱅이와진짜생맥주가만났을때,203501.7249,443302.6363
서울특별시 강남구 역삼동 790-8번지 ,서울특별시 강남구 논현로 339 (역삼동),월매네,203393.175,443694.515
서울특별시 강남구 논현동 198-10 ,서울특별시 강남구 강남대로114길 20 지하1층 1호 (논현동),드리밍컴퍼니,202218.0028,444859.0426
서울특별시 강남구 역삼동 738-10 청도 빌딩 ,서울특별시 강남구 논현로85길 5-3 청도 빌딩 지하1층 (역삼동),달빛칸타타,203211.538,444086.5537
서울특별시 강남구 역삼동 705-15번지 ,서울특별시 강남구 선릉로93길 9 (역삼동),맥주여행,204143.4732,444778.6057
서울특별시 강남구 대치동 895번지 호성빌딩 ,서울특별시 강남구 삼성로85길 43 호성빌딩 2층 (대치동),에이치엘펍,204696.7086,444664.0979
서울특별시 강남구 신사동 655-3 ,서울특별시 강남구 선릉로155길 15 지하1층 (신사동),오벨하우스,203321.1865,447017.8387
서울특별시 강남구 역삼동 671-27번지 지상3층 ,서울특별시 강남구 테헤란로33길 19 지상3층 (역삼동),올드락,203372.6812,444548.9905
서울특별시 강남구 개포동 186-12번지 삼성빌딩지상1층104호 ,서울특별시 강남구 개포로82길 7 (개포동삼성빌딩지상1층104호),노박사골뱅이,205884.3741,442955.2669
서울특별시 강남구 일원동 666-10 ,서울특별시 강남구 일원로9길 46 지하1층 (일원동),시카고라운지 일원점,207469.1538,443125.7536
서울특별시 강남구 신사동 660-8번지 (지하1층) ,서울특별시 강남구 압구정로 334 (신사동(지하1층)),잘아는밥집,203293.5726,447323.7373
서울특별시 강남구 삼성동 151-29 지상1층 ,서울특별시 강남구 삼성로104길 10 (삼성동지상1층),비어팩토리,204837.92,445393.0051
서울특별시 강남구 일원동 716번지 목련타운아파트 ,서울특별시 강남구 광평로19길 15 지상1층 112호 (일원동 목련타운아파트),브라운백,207472.4723,442520.8213
서울특별시 강남구 역삼동 789-1번지 1층 ,서울특별시 강남구 역삼로14길 3 1층 (역삼동),펍스토리(pub story),203063.6672,443570.8944
서울특별시 강남구 논현동 98-12 가동 지하1층 ,서울특별시 강남구 언주로148길 14 가동 지하1층 (논현동),노네임,203121.2036,446464.38
서울특별시 강남구 논현동 237-5 1층5호,서울특별시 강남구 언주로 605 (논현동1층5호),피에라,203219.1661,445239.4052
서울특별시 강남구 삼성동 53 성일빌딩 ,서울특별시 강남구 학동로 506 성일빌딩 지하1층 B102호 (삼성동),스케치북,204473.7366,446286.5649
서울특별시 강남구 일원동 643-1번지 지상1층 ,서울특별시 강남구 양재대로55길 31 (일원동지상1층),호프마을,207621.7844,443415.3027
서울특별시 강남구 논현동 226-2번지 동궁빌딩지하1층 ,서울특별시 강남구 봉은사로37길 35 지하1층 (논현동 동궁빌딩),투데이,203060.481,445348.1735
서울특별시 강남구 논현동 163-1,서울특별시 강남구 학동로2길 43 지상2층 (논현동),미치코서울,202008.5682,445173.5487
서울특별시 강남구 대치동 896-45번지 지상2층 ,서울특별시 강남구 선릉로86길 46 (대치동지상2층),맥주야,204659.5078,444648.3688
서울특별시 강남구 대치동 897-3번지 2층1호 ,서울특별시 강남구 선릉로 420 (대치동2층1호),마들렌케익,204375.0093,444478.6468
서울특별시 강남구 삼성동 153-19번지 ,서울특별시 강남구 테헤란로83길 42 지상1층 (삼성동),더코스트엠(The cost M),204957.5312,445324.3724
서울특별시 강남구 신사동 658번지 ,서울특별시 강남구 압구정로50길 28 지하1층 6호 (신사동),온더그라운드,203221.941,447193.6445
서울특별시 강남구 신사동 563-4 더건한빌딩 ,서울특별시 강남구 논현로151길 19 더건한빌딩 1층 (신사동),잇샐러드 압구정점,202286.8372,446404.7651
서울특별시 강남구 신사동 646-22,서울특별시 강남구 언주로164길 41 지상1층 (신사동),더티덕(Dirtydog),203193.4289,447019.2815
서울특별시 강남구 삼성동 140-26 지하1층 ,서울특별시 강남구 선릉로94길 3 (삼성동 지하1층),맥주창고,204243.6397,444855.047
서울특별시 강남구 도곡동 518-10번지 지상1층 ,서울특별시 강남구 논현로 142 (도곡동지상1층),한스포,203736.9347,442248.9612
서울특별시 강남구 신사동 623-2번지 ,서울특별시 강남구 언주로 841 (신사동),산봉면옥,202838.0694,447036.1317
서울특별시 강남구 개포동 14-1번지 207-3호 ,서울특별시 강남구 개포로109길 34 (개포동207-3호),클린턴광장,206794.1448,443559.6179
서울특별시 강남구 역삼동 817-34번지 지상3층 ,서울특별시 강남구 강남대로98길 14 (역삼동지상3층),가가린 철우 사주카페,202392.0046,444276.6357
서울특별시 강남구 역삼동 817-34번지 지상3층 ,서울특별시 강남구 강남대로98길 14 (역삼동지상3층),가가린 철우 사주카페,202392.0046,444276.6357
서울특별시 강남구 논현동 240-4번지 지하1층 ,서울특별시 강남구 학동로 330 (논현동지하1층),리더스,203380.4322,445992.3705
서울특별시 강남구 논현동 234-1 ,서울특별시 강남구 논현로114길 8 지하1층 (논현동),갤럭시 펍,202943.1916,445144.7565
서울특별시 강남구 대치동 956-0번지 ,서울특별시 강남구 삼성로86길 18 (대치동),바젤,205148.6868,444849.6793
